gene_name	mean_length	median_length	max_length
DDX11L1	1144.5	1144.5	1657
WASH7P	1351.0	1351.0	1351
MIR6859-1	68.0	68.0	68
MIR1302-2HG	623.5	623.5	712
MIR1302-2	138.0	138.0	138
FAM138A	888.5	888.5	1187
OR4G4P	840.0	840.0	840
OR4G11P	1176.5	1176.5	1414
OR4F5	1836.0	1836.0	2618
AL627309.1	985.4	629.0	2748
AL627309.3	1319.0	1319.0	1319
CICP27	3812.0	3812.0	3812
AL627309.6	755.0	755.0	755
AL627309.7	284.0	284.0	284
AL627309.2	323.0	323.0	323
AL627309.5	1501.1666666666667	1025.0	4860
RNU6-1100P	104.0	104.0	104
AL627309.4	457.0	457.0	457
FO538757.1	570.0	570.0	570
WASH9P	1397.0	1397.0	1397
MIR6859-2	68.0	68.0	68
AP006222.1	2235.3333333333335	1902.0	5603
AP006222.2	736.0	736.0	736
RPL23AP24	385.0	385.0	385
AL732372.1	675.6666666666666	607.0	994
AL732372.2	547.4	545.0	902
WBP1LP7	363.0	363.0	363
OR4F29	995.0	995.0	995
CICP7	2477.0	2477.0	2477
AL732372.3	1239.0	1239.0	1239
FO681485.1	104.0	104.0	104
AL669831.3	777.8666666666667	818.0	1702
AC114498.1	504.5	504.5	607
MTND1P23	372.0	372.0	372
MTND2P28	1044.0	1044.0	1044
MTCO1P12	1543.0	1543.0	1543
AC114498.2	89.0	89.0	89
MTCO2P12	682.0	682.0	682
MTATP8P1	207.0	207.0	207
MTATP6P1	681.0	681.0	681
MTCO3P12	547.0	547.0	547
WBP1LP6	424.0	424.0	424
OR4F16	995.0	995.0	995
CICP3	2455.0	2455.0	2455
AL669831.1	3424.5	3424.5	6432
RNU6-1199P	104.0	104.0	104
AL669831.2	456.0	456.0	456
LINC01409	1080.21875	1059.0	2949
AL669831.6	114.0	114.0	114
AL669831.4	555.0	555.0	872
FAM87B	1947.0	1947.0	1947
LINC01128	2112.4074074074074	1215.0	8389
LINC00115	1317.0	1317.0	1317
AL669831.7	2289.5	2289.5	2509
FAM41C	919.0	504.0	1807
TUBB8P11	1058.0	1058.0	1058
AL669831.5	837.0	837.0	837
AL645608.6	351.0	351.0	351
AL645608.2	3043.0	3043.0	3043
AL645608.4	443.0	443.0	443
LINC02593	2057.0	1389.0	4152
SAMD11	1699.7058823529412	2159.0	2557
NOC2L	1743.5	1244.5	4201
KLHL17	1380.0	955.0	2567
PLEKHN1	1797.4	2194.0	3176
PERM1	2527.6666666666665	3035.0	3340
AL645608.7	2086.0	2086.0	2086
HES4	911.0	968.5	1040
ISG15	693.6666666666666	657.0	787
AL645608.3	154.0	154.0	154
AL645608.1	471.0	471.0	471
AGRN	3589.8	2142.0	7477
AL645608.5	402.0	402.0	402
AL390719.1	849.0	863.5	1219
AL645608.8	829.0	829.0	829
RNF223	1900.0	1900.0	1900
C1orf159	1446.0	982.0	3315
AL390719.3	1095.0	1095.0	1095
LINC01342	1620.0	1620.0	1620
MIR200B	95.0	95.0	95
MIR200A	90.0	90.0	90
MIR429	83.0	83.0	83
AL390719.2	987.0	987.0	987
TTLL10-AS1	3532.0	3532.0	3532
TTLL10	1149.625	643.0	2307
TNFRSF18	841.5	789.0	1083
TNFRSF4	1058.3333333333333	1075.0	1707
SDF4	1866.111111111111	2079.0	3516
B3GALT6	2805.0	2805.0	2805
C1QTNF12	705.2	647.0	1036
AL162741.1	1558.0	1558.0	1558
UBE2J2	1010.05	861.5	2455
LINC01786	328.5	328.5	389
SCNN1D	1996.875	2473.5	3475
ACAP3	1680.4615384615386	819.0	5319
MIR6726	61.0	61.0	61
PUSL1	1125.2	940.0	1783
INTS11	1256.12	889.5	3079
MIR6727	65.0	65.0	65
AL139287.1	386.0	386.0	386
CPTP	1346.0	1101.0	2154
TAS1R3	3475.0	3475.0	3475
DVL1	1513.625	806.5	3305
MIR6808	59.0	59.0	59
MXRA8	1397.0	1086.0	2728
AURKAIP1	849.1666666666666	836.5	1072
NDUFB4P8	367.0	367.0	367
CCNL2	1704.0	1550.5	4452
MRPL20-AS1	1546.5555555555557	1748.0	2228
MRPL20	808.0	644.0	1693
RN7SL657P	293.0	293.0	293
AL391244.2	1523.0	1523.0	1523
ANKRD65	1636.0	1632.0	2190
AL391244.1	543.0	543.0	543
TMEM88B	492.0	492.0	492
LINC01770	503.0	477.0	634
VWA1	1979.0	1483.0	4492
ATAD3C	1631.6666666666667	525.0	3864
ATAD3B	2923.3333333333335	3300.0	4314
AL645728.2	443.5	443.5	660
ATAD3A	1753.75	2298.0	2612
TMEM240	964.6666666666666	796.0	1381
SSU72	2079.25	1761.0	4176
AL645728.1	1471.0	1471.0	2101
AL691432.3	400.0	400.0	400
FNDC10	2124.0	2124.0	2124
AL691432.4	1830.0	1830.0	1830
AL691432.2	2038.0	2038.0	2038
MIB2	1885.5625	1455.0	4247
MMP23B	873.7	774.5	1531
CDK11B	2345.5555555555557	2490.0	2998
FO704657.1	400.0	400.0	400
SLC35E2B	3919.4	2860.0	6434
AL691432.1	962.0	962.0	1422
MMP23A	1017.0	1017.0	1017
CDK11A	1380.608695652174	931.0	2984
AL031282.2	5079.0	5079.0	5079
AL031282.1	791.0	473.5	1808
SLC35E2A	2324.6666666666665	1754.0	6293
NADK	1200.7058823529412	859.0	3653
GNB1	1629.0	1110.0	3163
AL109917.1	906.0	906.0	906
CALML6	972.75	719.5	1882
TMEM52	736.1666666666666	784.0	1118
CFAP74	2442.2	2365.0	5247
AL391845.2	1465.5	1465.5	1954
GABRD	1435.6315789473683	1578.0	2393
AL391845.1	378.5	378.5	437
PRKCZ	947.9230769230769	702.0	2385
AL590822.2	4196.0	4196.0	4196
PRKCZ-AS1	937.5	937.5	1253
FAAP20	1669.5333333333333	1413.0	4478
AL590822.1	326.0	326.0	326
SKI	1792.0	416.5	6083
AL590822.3	4853.5	4853.5	5675
MORN1	1697.090909090909	1645.0	4764
AL589739.1	493.0	493.0	493
AL513477.1	1310.5	1310.5	2407
AL513477.2	568.0	568.0	568
RER1	1436.5555555555557	695.0	3028
PEX10	1376.7777777777778	907.0	2871
PLCH2	4410.75	4853.5	6986
AL139246.1	455.0	455.0	455
AL139246.4	514.0	514.0	514
PANK4	1221.7692307692307	725.0	2641
HES5	1324.0	1324.0	1324
AL139246.5	1296.0	1296.0	1531
TNFRSF14-AS1	1772.6666666666667	1218.5	3608
TNFRSF14	1266.75	884.0	4255
AL139246.2	1297.0	1297.0	1297
AL139246.3	626.0	626.0	626
PRXL2B	1653.7333333333333	1096.0	2827
MMEL1	1157.5555555555557	554.0	2879
MMEL1-AS1	373.0	373.0	373
TTC34	5294.5	5294.5	8814
AC242022.2	593.0	593.0	593
AC242022.1	1565.0	1565.0	1565
AL592464.2	607.0	607.0	607
AL592464.3	663.0	663.0	663
AL592464.1	429.0	429.0	429
AL589702.1	1325.5	1325.5	1509
ACTRT2	1437.0	1437.0	1437
PRDM16-DT	1658.4	1486.0	4247
PRDM16	3278.7	3730.0	8698
MIR4251	61.0	61.0	61
AL008733.1	469.0	469.0	469
AL512383.1	2677.0	2677.0	2677
AL590438.1	3461.0	3461.0	3461
AL354743.2	728.0	728.0	728
AL354743.1	2784.0	2784.0	2784
ARHGEF16	1772.4285714285713	2211.0	2822
AL512413.1	382.0	382.0	382
MEGF6	2838.1428571428573	1174.0	7443
MIR551A	96.0	96.0	96
AL513320.1	622.0	622.0	622
TPRG1L	2295.0	2295.0	2401
WRAP73	1464.4	859.5	6089
TP73	2879.5	2089.5	5192
AL136528.1	754.0	754.0	754
AL136528.2	351.0	351.0	351
TP73-AS1	2556.5172413793102	2529.0	6358
AL136528.3	161.0	161.0	161
CCDC27	2354.0	2252.0	2685
SMIM1	487.25	478.0	547
LRRC47	1770.6666666666667	575.0	4303
RN7SL574P	297.0	297.0	297
AL365330.1	531.0	531.0	531
CEP104	1337.4545454545455	696.0	6431
DFFB	2192.9166666666665	2882.5	3152
C1orf174	2553.6666666666665	2517.0	3499
LINC01134	1542.75	1287.0	3059
LINC01346	1602.5	1304.5	3242
LINC01345	1321.75	1327.5	1646
LINC02780	852.0	758.0	1258
AL805961.1	4817.0	4817.0	4817
EEF1DP6	372.0	372.0	372
LINC01777	1309.076923076923	1347.0	2077
AL355602.1	3402.0	3402.0	3402
Z98747.1	356.0	356.0	356
LINC01646	1057.625	1101.5	1531
AJAP1	4927.666666666667	2383.0	12102
Z98886.1	2992.0	2992.0	3030
BX005132.1	464.0	464.0	464
LINC02781	1580.0	1580.0	1580
LINC02782	449.0	449.0	449
AL139823.1	1225.0	1225.0	1225
Z98259.3	1239.6666666666667	830.0	2210
Z98259.2	609.0	609.0	609
Z98259.1	1697.0	1697.0	1697
Z97988.2	135.0	135.0	135
AL365255.1	605.0	605.0	847
Z97988.1	73.0	73.0	73
MIR4689	70.0	70.0	70
NPHP4	3293.0	3967.0	5548
KCNAB2	2099.125	1229.0	5979
CHD5	3910.0	3720.0	9850
AL031847.2	663.0	663.0	663
RPL22	1080.5714285714287	786.0	2279
AL031847.1	378.0	378.0	378
RNF207	1377.888888888889	612.0	3981
ICMT	2240.5	1919.5	4795
LINC00337	1493.3333333333333	1302.0	2040
HES3	710.0	710.0	710
GPR153	4198.0	4198.0	4198
ACOT7	1514.7	1518.0	2429
AL031848.2	837.0	837.0	837
HES2	1339.6666666666667	849.0	4262
ESPN	1144.1764705882354	661.0	4731
MIR4252	63.0	63.0	63
AL031848.1	351.0	351.0	351
TNFRSF25	1230.2857142857142	1087.0	3483
PLEKHG5	4172.923076923077	4375.0	5221
NOL9	1873.4	731.0	6627
RNU6-731P	111.0	111.0	111
AL591866.1	401.0	401.0	401
TAS1R1	1796.5	1841.0	2764
ZBTB48	1430.0	1025.5	2484
KLHL21	2570.6666666666665	1500.5	6445
PHF13	2215.0	2215.0	3632
THAP3	1030.875	931.0	2053
DNAJC11	1321.0	755.0	3201
LINC01672	752.1666666666666	591.0	1686
AL591163.1	987.0	987.0	987
CAMTA1-DT	415.0	415.0	415
CAMTA1	1345.875	689.0	8314
AL590128.1	286.0	286.0	286
AL512330.1	349.0	349.0	349
RNU1-8P	165.0	165.0	165
CAMTA1-IT1	365.0	365.0	365
CAMTA1-AS2	412.0	412.0	433
CAMTA1-AS1	361.0	361.0	361
AL359881.3	1721.0	1721.0	1721
AL359881.2	570.0	570.0	570
AL359881.1	267.0	267.0	267
VAMP3	1135.3333333333333	954.0	2178
Z98884.2	393.0	393.0	393
PER3	3291.8888888888887	1524.0	6318
Z98884.1	830.0	830.0	830
UTS2	860.0	559.0	1601
TNFRSF9	2230.5	1253.5	5970
AL009183.1	355.0	355.0	355
PARK7	829.1	789.0	1127
AL034417.1	103.0	103.0	103
AL034417.5	2168.5	2168.5	2236
AL034417.4	1043.0	1043.0	1043
ERRFI1	1491.0	995.0	3097
AL034417.3	2044.0	2044.0	2044
AL034417.2	800.0	800.0	800
AL358876.1	1075.0	1075.0	1075
LINC01714	692.0	683.0	896
RNU1-7P	164.0	164.0	164
AL358876.2	477.0	477.0	477
RNU6-991P	107.0	107.0	107
SLC45A1	1906.5	2074.0	2784
AL356072.1	113.0	113.0	113
RERE	2278.85	691.0	8026
RERE-AS1	669.0	516.0	1052
AL096855.1	125.0	125.0	125
AL096855.2	369.0	369.0	369
RPL7P11	658.0	658.0	658
RPL7P7	703.0	703.0	703
AL357552.1	103.0	103.0	103
AL357552.2	415.0	415.0	415
AL357552.3	353.0	353.0	353
RPL23AP19	369.0	369.0	369
ENO1	1066.25	642.0	2548
MIR6728	89.0	89.0	89
ENO1-AS1	456.0	456.0	456
RNU6-304P	107.0	107.0	107
HMGN2P17	743.0	743.0	743
AL139415.1	352.0	352.0	352
AL139415.2	163.0	163.0	163
CA6	980.8333333333334	864.5	1493
RN7SL451P	299.0	299.0	299
SLC2A7	1539.0	1539.0	1539
SLC2A5	1201.4	756.5	4085
AL158048.1	184.0	184.0	184
GPR157	1951.0	458.0	5197
MIR34AHG	2710.25	2987.5	4457
MIR34A	110.0	110.0	110
LNCTAM34A	927.3333333333334	956.5	1265
H6PD	5812.333333333333	5590.0	9146
SPSB1	1593.5	1223.0	3106
BX323043.1	1765.0	1765.0	1765
LINC02606	1254.3333333333333	839.0	2442
RNA5SP40	110.0	110.0	110
AL928921.1	708.0	708.0	708
SLC25A33	3865.0	3865.0	3865
AL954705.1	559.0	559.0	559
TMEM201	2512.0	3447.0	3851
PIK3CD	3103.625	3505.5	5483
PIK3CD-AS1	1823.0	1823.0	1823
AL691449.1	421.0	421.0	421
PIK3CD-AS2	939.0	939.0	939
CLSTN1	3404.1666666666665	4143.0	4760
MZT1P1	246.0	246.0	246
AL357140.3	1316.0	1316.0	1983
CTNNBIP1	1378.75	1029.0	3006
AL357140.1	424.0	424.0	424
AL357140.4	762.0	762.0	762
LZIC	1695.6	945.0	4989
AL357140.2	440.0	440.0	440
NMNAT1	1529.0	1094.0	3734
RN7SKP269	319.0	319.0	319
TMEM274P	444.0	444.0	444
MIR5697	78.0	78.0	78
AL603962.1	436.0	436.0	436
RBP7	743.0	743.0	861
UBE4B	2356.6	1050.0	6184
AL590639.1	337.0	337.0	337
PGAM1P11	680.0	680.0	680
RNU6-828P	107.0	107.0	107
KIF1B	4784.846153846154	5885.0	10669
AL358013.1	86.0	86.0	86
RNU6-37P	107.0	107.0	107
RN7SL731P	293.0	293.0	293
AL139424.3	902.6666666666666	917.0	1392
AL139424.2	870.0	906.0	1369
PGD	790.5	661.0	2268
AL139424.1	797.0	797.0	797
CENPS-CORT	897.2	626.0	1469
CENPS	679.8	684.0	914
CORT	1130.0	1130.0	1130
DFFA	2727.3333333333335	1403.0	6035
AL354956.1	467.0	467.0	467
PEX14	903.5	721.0	1922
AL139423.2	2876.0	2876.0	2876
RN7SL614P	280.0	280.0	280
CASZ1	2272.0	695.0	7934
AL139423.1	7923.0	7923.0	7923
HSPE1P24	238.0	238.0	238
C1orf127	2020.4	2359.0	2761
CFL1P6	494.0	494.0	494
TARDBP	1044.34375	800.0	5367
AL109811.3	891.0	700.0	1793
MASP2	1453.5	1458.0	2455
AL109811.2	760.5	760.5	870
SRM	668.3333333333334	578.0	1260
EXOSC10	1208.5454545454545	608.0	2796
AL109811.1	2682.0	2682.0	2682
EXOSC10-AS1	463.5	463.5	487
MTOR	2624.4285714285716	1111.0	8721
MTOR-AS1	689.0	689.0	705
RNU6-537P	103.0	103.0	103
ANGPTL7	1415.5	1415.5	2224
RNU6-291P	107.0	107.0	107
RPL39P6	150.0	150.0	150
UBIAD1	1673.75	1112.0	3646
UBE2V2P3	437.0	437.0	437
AL031291.1	742.0	742.0	742
MTCYBP45	565.0	565.0	565
DISP3	2556.6666666666665	1495.0	5265
AL590989.1	1051.0	1051.0	1051
LINC01647	1351.0	1351.0	1351
AL031731.1	2094.0	2094.0	2094
FBXO2	945.3333333333334	749.5	2215
FBXO44	1596.0	994.0	3320
FBXO6	1058.3333333333333	928.0	1444
MAD2L2	1034.888888888889	1002.0	1860
DRAXIN	7365.0	7365.0	7365
AGTRAP	912.8571428571429	930.5	1130
C1orf167	2100.4285714285716	1881.0	4545
C1orf167-AS1	1868.0	1868.0	1868
MTHFR	3035.7368421052633	2387.0	8378
CLCN6	2370.6	1047.0	5631
AL021155.3	173.0	173.0	173
AL021155.4	149.0	149.0	149
NPPA	810.6666666666666	849.0	855
AL021155.2	108.0	108.0	108
NPPB	708.0	708.0	708
AL021155.1	2637.0	2637.0	2637
AL021155.5	1000.5	855.5	1715
RNU5E-1	120.0	120.0	120
RNU5E-4P	120.0	120.0	120
KIAA2013	2509.3333333333335	2539.0	2819
PLOD1	1182.7777777777778	871.0	2976
AL096840.3	595.0	595.0	595
MFN2	1801.8333333333333	567.0	4531
AL096840.2	93.0	93.0	93
MIIP	1111.0	955.0	1709
AL096840.1	113.0	113.0	113
MIR6729	65.0	65.0	65
RN7SL649P	275.0	275.0	275
TNFRSF8	2849.6	2412.0	3760
RNU6-777P	104.0	104.0	104
RPL23AP89	255.0	255.0	255
AL357835.1	1196.0	1196.0	1196
MIR7846	96.0	96.0	96
TNFRSF1B	2059.0	2070.0	3687
MIR4632	61.0	61.0	61
RPL10P17	316.0	316.0	316
AL031276.1	124.0	124.0	124
VPS13D	3933.8	1303.0	16357
SNORA59A	152.0	152.0	152
LINC02766	438.0	438.0	438
DHRS3	1150.5	931.0	2201
RNU6ATAC18P	101.0	101.0	101
MIR6730	67.0	67.0	67
AC254633.1	345.0	345.0	345
AADACL4	1575.0	1575.0	1575
AC244670.1	112.0	112.0	112
AADACL3	3943.5	3943.5	4055
C1orf158	1661.0	724.0	3564
PRAMEF12	1786.0	1786.0	1786
PRAMEF1	1743.5	1743.5	2160
LINC01784	378.0	378.0	378
PRAMEF11	1845.0	1845.0	1845
PRAMEF30P	1417.0	1417.0	1417
HNRNPCL1	1108.0	1108.0	1108
PRAMEF2	1642.0	1642.0	1642
PRAMEF4	1840.0	1840.0	1840
PRAMEF10	1525.0	1525.0	1525
PRAMEF7	1576.0	1576.0	1592
RNU6-1072P	107.0	107.0	107
PRAMEF29P	1139.0	1139.0	1139
PRAMEF6	1720.0	1720.0	1720
PRAMEF28P	1450.0	1450.0	1450
PRAMEF27	1863.0	1863.0	1863
HNRNPCL3	1148.0	1148.0	1148
PRAMEF25	1851.5	1851.5	1863
PRAMEF34P	1447.0	1447.0	1447
PRAMEF35P	891.0	891.0	891
HNRNPCL2	1156.0	1156.0	1156
PRAMEF36P	1059.5	1059.5	1452
AC245056.1	384.0	384.0	384
PRAMEF26	1863.0	1863.0	1863
HNRNPCL4	882.0	882.0	882
PRAMEF9	1863.0	1863.0	1863
PRAMEF13	1747.0	1747.0	2163
PRAMEF18	2067.0	2067.0	2067
PRAMEF31P	1371.0	1371.0	1371
PRAMEF5	1720.0	1720.0	1720
PRAMEF32P	1068.0	1068.0	1068
RNU6-771P	107.0	107.0	107
PRAMEF8	1714.0	1706.0	1844
PRAMEF33	1518.0	1518.0	1518
PRAMEF15	1865.0	1865.0	1865
AC243961.1	384.0	384.0	384
PRAMEF14	1748.0	1748.0	2164
PRAMEF19	1440.0	1440.0	1440
PRAMEF17	1578.0	1578.0	1578
PRAMEF20	1549.5	1549.5	1597
LRRC38	2168.0	2168.0	2168
AL354712.1	477.0	477.0	477
BRWD1P1	371.0	371.0	371
PDPN	1517.25	1077.0	3104
RNA5SP41	101.0	101.0	101
AL359771.1	379.0	379.0	379
AL359771.2	130.0	130.0	130
PRDM2	2571.0714285714284	681.5	7957
KAZN	3418.1111111111113	3643.0	6874
RNU6-1265P	103.0	103.0	103
AL357873.1	976.0	976.0	1239
KAZN-AS1	1174.0	1227.0	1404
TBCAP2	326.0	326.0	326
AL031293.1	1453.0	1453.0	1453
TMEM51-AS1	4038.0	3023.0	7100
TMEM51	1704.1666666666667	1852.0	1971
C1orf195	348.0	348.0	441
AL035405.1	710.0	710.0	710
AL391094.1	966.0	966.0	966
FHAD1	1787.0	1327.0	5090
FHAD1-AS1	3105.0	3105.0	3105
AL031283.2	727.0	727.0	727
AL031283.1	3266.5	3266.5	5178
EFHD2	1660.5	1660.5	2422
CTRC	1891.25	1891.5	3482
CELA2A	677.6666666666666	585.0	916
CELA2B	635.5	625.0	915
CASP9	1545.5454545454545	1111.0	4463
DNAJC16	2903.4	2602.0	6299
SCARNA21B	140.0	140.0	140
AL121992.3	346.0	346.0	346
AGMAT	3095.0	3095.0	3095
AL121992.1	2845.0	2845.0	2845
CHCHD2P6	447.0	447.0	447
RNU7-179P	68.0	68.0	68
CD24P1	225.0	225.0	225
DDI2	2659.6666666666665	1063.0	10667
RSC1A1	1854.0	1854.0	1854
AL121992.2	256.0	256.0	256
PLEKHM2	2695.8	3775.0	4134
AL450998.3	694.6666666666666	684.0	755
SLC25A34	1381.0	612.0	3129
SLC25A34-AS1	639.0	639.0	639
TMEM82	1070.0	1070.0	1443
FBLIM1	1054.6	577.0	3498
RPL12P14	490.0	490.0	490
UQCRHL	2180.0	2180.0	2180
AL450998.1	438.0	438.0	438
AL450998.2	2473.0	2473.0	2473
SPEN	3346.5	1568.5	12385
AL034555.1	211.0	211.0	211
ZBTB17	1065.6875	753.5	2770
AL355994.4	563.0	563.0	563
AL355994.1	260.0	260.0	260
AL355994.5	236.0	236.0	236
TBC1D3P6	962.0	962.0	962
SRARP	3039.0	3039.0	3039
AL355994.3	466.0	466.0	466
HSPB7	1744.2857142857142	2128.0	2892
CLCNKA	1725.7142857142858	1997.0	3060
AL355994.2	704.0	704.0	704
CLCNKB	1676.0	1836.5	2567
FAM131C	1397.5	1397.5	1720
EPHA2	1513.5	835.0	3946
AL451042.2	904.0	904.0	904
AL451042.1	544.0	544.0	544
ARHGEF19-AS1	439.0	439.0	439
ARHGEF19	1366.3333333333333	803.0	3322
ANO7L1	801.0	355.0	1720
AL109627.1	2662.0	2662.0	2662
CPLANE2	955.0	955.0	1574
MT1XP1	186.0	186.0	186
FBXO42	2811.25	2036.5	6227
SZRD1	1504.3	817.0	3480
RPL22P3	381.0	381.0	381
SPATA21	1634.5	1454.5	3619
NECAP2	1339.0833333333333	851.5	4619
LINC01772	3245.0	3245.0	3245
CROCCP3	1915.6666666666667	1629.0	5368
RNU1-1	164.0	164.0	164
AL137802.2	1110.0	1110.0	1110
AL137802.3	1558.0	1558.0	1558
AL137802.1	327.0	327.0	327
LINC01783	1188.0	1188.0	1548
RNU1-6P	144.0	144.0	144
AL355149.1	882.0	882.0	882
NBPF1	3174.5714285714284	2755.0	5932
AL137798.1	339.0	339.0	339
CROCCP2	2071.714285714286	2029.0	2773
AL137798.3	166.0	166.0	166
MST1P2	2291.0	2291.0	2291
AL137798.2	817.0	817.0	817
RNU1-3	164.0	164.0	164
AL021920.2	1351.0	1351.0	1351
EIF1AXP1	435.0	435.0	435
ESPNP	1811.6666666666667	1171.0	3693
AL021920.1	406.0	406.0	406
AL021920.3	819.0	819.0	819
CROCC	1760.2307692307693	780.0	6660
CROCCP4	535.5	535.5	573
RNU1-4	164.0	164.0	164
MST1L	2031.1666666666667	1928.5	3995
BX284668.1	644.5	644.5	735
BX284668.3	882.0	882.0	882
MIR3675	73.0	73.0	73
BX284668.2	1125.4	1038.0	2520
RNU1-5P	144.0	144.0	144
BX284668.5	765.5714285714286	527.0	1512
BX284668.4	508.0	508.0	508
RNU1-2	164.0	164.0	164
BX284668.6	438.0	438.0	438
MFAP2	1044.6666666666667	825.5	2371
AL049569.2	385.0	385.0	385
AL049569.1	636.0	636.0	636
ATP13A2	1556.0666666666666	962.0	3996
SDHB	684.5	674.0	1015
PADI2	2992.25	3000.5	4361
LINC02783	2633.0	2633.0	4676
AL590644.1	1228.0	1228.0	1228
PADI1	2430.0	2680.5	3846
PADI3	3189.0	3189.0	3189
MIR3972	87.0	87.0	87
PADI4	893.0	513.0	2267
PADI6	2396.0	2396.0	2396
RCC2	2284.3333333333335	2030.0	4040
RCC2-AS1	311.0	311.0	311
ARHGEF10L	2648.222222222222	3018.0	4625
LINC02810	819.5	821.5	1025
ACTL8	1755.5	1755.5	1841
AL357509.1	2013.0	2013.0	2013
LINC01654	2471.0	2471.0	2471
IGSF21	1316.75	1407.5	1892
AL365209.1	6473.0	6473.0	6473
IGSF21-AS1	430.0	430.0	430
AL591896.1	491.0	491.0	491
KLHDC7A	5145.0	5145.0	5145
DYNLL1P3	266.0	266.0	266
AL031737.1	223.0	223.0	223
PAX7	3391.0	2260.0	6213
TAS1R2	2542.0	2542.0	2542
ALDH4A1	1914.8333333333333	2032.0	3139
MIR4695	74.0	74.0	74
MIR1290	78.0	78.0	78
IFFO2	2572.0	1000.0	6179
AL137127.1	3402.0	3402.0	3402
UBR4	2828.4117647058824	891.0	15892
EMC1-AS1	507.0	507.0	507
EMC1	2060.6153846153848	589.0	6640
MRTO4	1012.0	578.0	2049
AL035413.2	339.0	339.0	339
AKR7L	1215.6	1240.0	1984
AKR7A3	1215.0	1215.0	1215
AL035413.1	525.0	525.0	525
AKR7A2	947.0	989.0	1362
RNU6-1099P	107.0	107.0	107
SLC66A1	1552.0	1530.0	2175
CAPZB	1179.7777777777778	1462.0	2068
RN7SL277P	288.0	288.0	288
MICOS10	1133.8181818181818	655.0	3723
RNU4-28P	141.0	141.0	141
AL031727.2	207.0	207.0	207
NBL1	1311.357142857143	1177.0	2172
MICOS10-NBL1	803.0	820.0	999
AL031727.1	455.0	455.0	455
HTR6	3800.0	3800.0	3800
TMCO4	1347.0	977.0	2974
RNF186	1255.0	1255.0	1255
AL391883.1	447.0	447.0	447
OTUD3	2416.3333333333335	465.0	6515
PLA2G2E	785.0	785.0	785
RN7SL304P	301.0	301.0	301
PLA2G2A	893.125	887.0	1306
PLA2G5	1202.0	1028.0	1918
PLA2G2D	2253.5	2253.5	2651
PLA2G2F	3426.0	3426.0	4129
Z98257.1	1480.0	1172.0	2493
PLA2G2C	1356.6666666666667	453.0	3249
UBXN10-AS1	510.0	510.0	510
UBXN10	5562.0	5562.0	5562
LINC01757	550.5	550.5	621
Z98257.2	1189.5	1189.5	1548
VWA5B1	2605.125	2920.5	4475
AL020998.1	229.0	229.0	229
LINC01141	1116.2727272727273	1002.0	2993
AL139254.1	376.0	376.0	376
AL139254.2	1071.0	1071.0	1156
AL139254.3	674.0	674.0	674
CAMK2N1	1569.0	1569.0	2326
MUL1	2428.0	2428.0	2428
RPS4XP4	763.0	763.0	763
FAM43B	2448.0	2448.0	2448
CDA	785.5	785.5	809
PINK1	2712.0	2657.0	3821
MIR6084	110.0	110.0	110
PINK1-AS	4443.0	4443.0	4443
DDOST	1294.0	1364.5	2126
KIF17	1947.111111111111	1805.0	3969
AL663074.2	479.0	479.0	479
SH2D5	1829.857142857143	564.0	3898
AL663074.1	299.0	299.0	299
HP1BP3	1684.2142857142858	743.0	6406
EIF4G3	2706.0	1306.5	6196
RNU7-200P	62.0	62.0	62
MIR1256	119.0	119.0	119
RPS15AP6	385.0	385.0	385
AL627311.1	115.0	115.0	115
HSPE1P27	296.0	296.0	296
AL031005.2	1111.0	1111.0	1111
ECE1	2001.2142857142858	1423.0	5099
AL031005.1	723.0	723.0	723
ECE1-AS1	2202.0	2202.0	2479
PPP1R11P1	376.0	376.0	376
AL592309.1	649.0	649.0	649
AL592309.2	606.0	606.0	607
NBPF2P	661.0	661.0	661
HS6ST1P1	1234.0	1234.0	1234
CROCCP5	830.0	830.0	830
NBPF3	1853.2307692307693	1417.0	4401
PFN1P10	327.0	327.0	327
ALPL	1733.142857142857	2131.0	2536
LINC02596	821.0	821.0	821
RAP1GAP	2311.6153846153848	3238.0	4294
USP48	1661.1333333333334	680.0	4419
AL590103.1	307.0	307.0	307
LDLRAD2	2045.3333333333333	1180.0	4016
HSPG2	1834.6666666666667	708.0	14341
AL590556.1	483.0	483.0	483
AL590556.2	1003.0	1003.0	1162
CELA3B	689.75	701.5	996
AL590556.3	1140.5	1140.5	1469
RN7SL386P	297.0	297.0	297
RNU6-1022P	104.0	104.0	104
CELA3A	637.3333333333334	649.0	906
RN7SL186P	297.0	297.0	297
RNU6-776P	104.0	104.0	104
LINC01635	1041.0	1037.0	1470
LINC00339	1042.6153846153845	1077.0	1518
CDC42	3242.4545454545455	1645.0	10598
CDC42-AS1	2574.0	2574.0	2574
AL031281.2	222.0	222.0	222
CDC42-IT1	692.0	692.0	692
AL031281.1	488.0	488.0	488
WNT4	1710.0	680.0	3968
AL445253.1	811.0	811.0	811
MIR4418	62.0	62.0	62
PPIAP34	492.0	492.0	492
AL591122.1	1853.0	1853.0	1853
ZBTB40	5983.2	8368.0	8992
ZBTB40-IT1	273.0	273.0	273
EPHA8	3410.5	3410.5	5019
MIR6127	109.0	109.0	109
C1QA	945.0	976.0	1091
C1QC	1143.3333333333333	1158.0	1183
C1QB	949.0	1010.5	1098
EPHB2	3558.5714285714284	3152.0	10816
MIR4684	82.0	82.0	82
AL512444.1	480.0	480.0	480
MIR4253	68.0	68.0	68
LACTBL1	1570.5	1570.5	1641
TEX46	500.0	509.0	512
KDM1A	2228.5	2921.5	3059
AL031428.1	666.0	666.0	666
MIR3115	68.0	68.0	68
AL031428.2	77.0	77.0	77
LUZP1	4567.4	3715.0	8898
AL161672.1	818.0	818.0	818
RNU6-514P	107.0	107.0	107
RNU6-135P	101.0	101.0	101
HTR1D	2835.0	2835.0	2835
AL109936.2	460.0	460.0	460
LINC01355	3943.0	4479.5	5444
AL109936.8	604.0	604.0	604
HNRNPR	2313.076923076923	1637.0	7751
ZNF436	4126.5	4126.5	4465
ZNF436-AS1	850.2857142857143	590.0	2547
AL109936.1	93.0	93.0	93
AL109936.3	650.0	650.0	650
TCEA3	1050.6666666666667	955.0	1719
AL357134.1	426.0	426.0	426
ASAP3	1659.5	921.5	4051
E2F2	2873.0	2873.0	5196
AL021154.1	456.0	456.0	456
ID3	821.6666666666666	892.0	950
AL450043.1	1322.0	1322.0	1322
MDS2	1076.6666666666667	1029.0	1781
AL451000.1	1186.0	1186.0	1186
RPL11	919.6666666666666	851.0	1600
ELOA-AS1	1016.0	1074.0	1502
ELOA	3312.5	3797.5	5154
PITHD1	1212.0	1292.0	1590
LYPLA2	902.3	855.0	1635
GALE	1039.9375	882.0	2073
HMGCL	1275.6666666666667	1354.0	2151
FUCA1	2047.0	2047.0	2047
CNR2	5265.0	5265.0	5265
BTBD6P1	1267.0	1267.0	1267
AL590609.2	210.0	210.0	210
MIR378F	78.0	78.0	78
H3P1	368.0	368.0	368
PNRC2	1238.6	814.0	2428
SRSF10	1938.9375	1141.5	7656
AL590609.1	328.0	328.0	328
AL591178.1	454.0	454.0	454
MYOM3	3491.25	3893.5	5760
MYOM3-AS1	461.0	461.0	461
IL22RA1	2817.0	2817.0	2817
IFNLR1	1829.0	1476.0	4566
LINC02800	1849.0	1849.0	1849
GRHL3-AS1	856.0	856.0	856
GRHL3	1495.7777777777778	1683.0	2869
STPG1	1684.5	791.5	6016
NIPAL3	2660.714285714286	1757.0	5481
RCAN3AS	425.0	426.0	559
RCAN3	2057.6363636363635	2386.0	6863
NCMAP-DT	1445.0	1445.0	1445
NCMAP	4021.5	4021.5	4063
AL445686.1	348.0	348.0	348
AL445686.2	103.0	103.0	103
SRRM1	1247.7826086956522	721.0	3735
AL445648.1	886.0	886.0	886
CLIC4	2021.75	1697.5	4253
RNU6-1208P	107.0	107.0	107
RUNX3	2337.2	2629.0	4340
MIR6731	72.0	72.0	72
AL445471.1	820.0	820.0	820
AL445471.2	2443.0	2443.0	2443
MIR4425	84.0	84.0	84
LINC02793	932.0	932.0	1108
AL050344.1	552.0	552.0	614
AL121994.1	402.0	402.0	402
AL031432.1	988.0	988.0	988
SYF2	1270.75	1341.5	1962
AL031432.4	2190.0	2190.0	2190
AL031432.5	760.0	760.0	760
RSRP1	1070.590909090909	700.5	3034
AL031432.3	485.0	485.0	485
AL031432.2	459.0	459.0	459
RHD	1669.3636363636363	1466.0	3007
SDHDP6	480.0	480.0	480
AL928711.1	459.0	459.0	459
TMEM50A	1069.8333333333333	882.0	2266
RHCE	1103.1	1142.5	1810
AL031284.1	478.0	478.0	478
MACO1	2670.0	3090.5	3940
LDLRAP1	1536.5714285714287	913.0	4670
AL606491.1	483.0	483.0	483
MAN1C1	2575.375	2544.0	4647
AL031280.1	2224.0	2224.0	2224
SELENON	3311.8	4212.0	4314
AL020996.2	451.0	451.0	568
AL020996.1	1086.3333333333333	517.0	2307
MTFR1L	1219.304347826087	815.0	3262
AUNIP	1323.0	1392.0	2116
AL020996.3	222.0	222.0	222
AL033528.3	849.0	849.0	849
PAQR7	3297.0	3297.0	3297
AL033528.1	110.0	110.0	110
STMN1	1327.888888888889	1137.0	2947
SNRPFP2	251.0	251.0	251
AL033528.2	140.0	140.0	140
MIR3917	93.0	93.0	93
PAFAH2	1240.7142857142858	748.0	3487
RNU6-110P	104.0	104.0	104
AL592064.1	125.0	125.0	125
AL592064.2	84.0	84.0	84
EXTL1	1546.25	780.5	4020
SLC30A2	2353.6666666666665	3097.0	3249
AL391650.2	941.0	941.0	941
TRIM63	1567.5	1567.5	1770
PDIK1L	3370.5	4182.5	4279
FAM110D	2799.0	2799.0	2799
C1orf232	554.5	554.5	643
AL391650.1	811.8333333333334	658.5	1468
ZNF593	668.0	668.0	698
CNKSR1	1232.5	754.0	2673
CATSPER4	1753.0	1831.0	1912
ZPLD2P	1047.5	874.0	2108
AL355877.2	899.0	899.0	899
CEP85	2194.25	2523.5	3935
AL355877.1	358.0	358.0	358
SH3BGRL3	759.5	759.5	768
UBXN11	1577.0	1673.5	2646
CD52	476.3333333333333	467.0	581
CRYBG2	2005.6363636363637	796.0	6259
AL451139.1	346.0	346.0	346
ZNF683	1095.4444444444443	936.0	1712
LIN28A	3716.5	3716.5	3975
DHDDS	1066.44	629.0	3338
AL513365.1	535.0	535.0	535
DHDDS-AS1	834.5	834.5	1140
HMGN2	1028.1	991.0	1940
DPPA2P2	897.0	897.0	897
RPS6KA1	1339.0	586.0	3202
MIR1976	52.0	52.0	52
RN7SL679P	304.0	304.0	304
AL627313.2	102.0	102.0	102
RNU7-29P	64.0	64.0	64
AL627313.1	238.0	238.0	238
AL627082.2	104.0	104.0	104
AL627082.1	235.0	235.0	235
AL512408.1	2000.0	2000.0	2000
ARID1A	3365.705882352941	2699.0	8595
PIGV	1340.5	824.0	2713
RN7SL165P	291.0	291.0	291
AL034380.2	177.0	177.0	177
ZDHHC18	1696.2	1002.0	5045
SFN	1308.0	1308.0	1308
GPN2	1400.8	739.0	4665
AL034380.1	306.0	306.0	306
GPATCH3	1064.0	546.0	2125
NUDC	1009.0	818.5	1792
NR0B2	1165.0	1165.0	1165
KDF1	1753.0	1753.0	1855
RPL12P13	497.0	497.0	497
AL356390.1	397.0	397.0	397
OSTCP2	444.0	444.0	444
TRNP1	1268.0	1268.0	1961
TENT5B	2382.0	2382.0	2382
SLC9A1	2054.5	1535.0	4737
AL590640.2	527.0	527.0	527
CHCHD3P3	640.0	640.0	640
NPM1P39	867.0	867.0	867
SNRPEP7	220.0	220.0	220
AL590640.1	379.0	379.0	379
WDTC1	3574.6	4275.0	5149
AL590640.3	104.0	104.0	104
FO393419.3	282.0	282.0	282
TMEM222	1471.6363636363637	1511.0	2861
RNU6-48P	107.0	107.0	107
ACTG1P20	468.0	468.0	468
SYTL1	1644.909090909091	1900.0	2681
MAP3K6	2085.0	956.0	4438
FCN3	989.5	998.5	1030
CD164L2	1116.6666666666667	947.0	1457
FO393419.1	355.0	355.0	355
GPR3	2137.0	2137.0	2137
WASF2	3382.0	3382.0	5681
FO393419.2	428.0	428.0	428
BX293535.1	283.0	283.0	283
AHDC1	2654.823529411765	742.0	6438
FGR	1722.142857142857	2021.0	2637
AL031729.1	192.0	192.0	192
LINC02574	441.0	441.0	441
IFI6	820.6666666666666	822.0	828
AL445490.1	541.6666666666666	549.5	658
RNU6-949P	107.0	107.0	107
CHMP1AP1	662.0	662.0	662
RNU6-424P	105.0	105.0	105
AL020997.5	935.0	935.0	935
FAM76A	1582.0	1050.0	3567
AL020997.1	349.0	349.0	349
RPEP3	676.0	676.0	676
STX12	1053.4	703.0	3034
AL020997.2	184.0	184.0	184
AL020997.3	359.0	359.0	359
RNU6-1245P	106.0	106.0	106
AL020997.4	1471.0	1471.0	1471
PPP1R8	1778.6	2340.0	2651
SCARNA1	166.0	166.0	166
THEMIS2	1426.3636363636363	1082.0	2861
RPA2	1043.8	1162.0	1584
SMPDL3B	1436.1666666666667	1579.5	1913
AL512288.1	491.0	491.0	491
XKR8	1247.0	1247.0	2178
EYA3	3168.875	2132.5	5999
AL512288.2	367.0	367.0	367
RN7SL559P	297.0	297.0	297
SPCS2P4	681.0	681.0	681
AL137792.2	235.0	235.0	235
AL137792.1	557.0	557.0	557
RNU6-176P	105.0	105.0	105
PTAFR	3241.0	3993.0	4191
DNAJC8	985.5	753.5	1763
ATP5IF1	874.0	569.0	1855
AL353622.1	1945.0	1945.0	1945
AL353622.2	425.0	425.0	425
SESN2	3462.0	3462.0	3462
MED18	902.6	862.0	1829
PHACTR4	2327.777777777778	1853.0	6048
CR589951.1	101.0	101.0	101
CR391992.1	394.0	394.0	394
RNU6ATAC27P	119.0	119.0	119
RCC1	1464.1538461538462	1121.0	2844
SNHG3	1666.6666666666667	2201.0	2614
SNORA73A	206.0	206.0	206
SNORA73B	204.0	204.0	204
PRDX3P2	611.0	611.0	611
AL513497.1	2083.0	2083.0	2083
TRNAU1AP	1133.6	1070.0	2040
SNHG12	1137.4117647058824	1090.0	1998
SNORD99	74.0	74.0	74
SNORA61	130.0	130.0	130
SNORA44	132.0	132.0	132
SNORA16A	137.0	137.0	137
SNORA16A	135.0	135.0	135
TAF12	1040.25	1089.0	1359
RAB42	1403.5	1403.5	1950
LINC01715	656.0	656.0	688
RNU11	134.0	134.0	134
AL360012.1	131.0	131.0	131
GMEB1	3069.75	1987.5	6410
AL645729.1	130.0	130.0	130
YTHDF2	1591.888888888889	879.0	2825
OPRD1	5267.0	5267.0	9317
AL009181.2	1085.0	1085.0	1085
AL009181.1	110.0	110.0	110
EPB41	3627.6341463414633	3916.0	6388
AL138785.2	331.0	331.0	331
AL138785.1	101.0	101.0	101
AL138785.3	282.0	282.0	282
TMEM200B	2510.5	2510.5	2553
AL357500.1	279.0	279.0	279
SRSF4	1852.5	939.0	8128
AL357500.2	169.0	169.0	169
MECR	915.0	775.0	2515
AL590729.1	573.0	573.0	573
PTPRU	2479.090909090909	1590.0	5573
LINC01756	2148.0	2148.0	2148
AL671862.1	349.0	349.0	349
AC092265.1	498.0	498.0	498
AL645944.2	1953.0	1953.0	1953
AL645944.1	493.0	493.0	493
LINC01648	1519.0	1519.0	1519
AL137076.1	551.0	551.0	551
AL021921.1	93.0	93.0	93
AL161638.2	507.0	507.0	507
AL161638.1	481.0	481.0	481
MATN1	1904.6666666666667	943.0	3830
MATN1-AS1	1785.4	1530.0	3925
AL137857.1	1077.0	1077.0	1077
LAPTM5	1363.3333333333333	960.0	2177
MIR4420	77.0	77.0	77
AL137027.1	444.0	444.0	444
LINC01778	1117.7142857142858	1101.5	1732
RN7SKP91	288.0	288.0	288
AL445235.1	1747.0	1747.0	1747
SDC3	3145.5	2917.5	6392
RN7SL371P	267.0	267.0	267
PUM1	2099.2608695652175	812.0	5375
AL356320.2	507.0	507.0	507
AL356320.1	163.0	163.0	163
SELENOWP1	252.0	252.0	252
AC114495.1	436.0	436.0	436
NKAIN1	1030.0	569.0	2922
SNRNP40	1012.8571428571429	743.0	1928
AC114495.2	437.0	437.0	437
ZCCHC17	1454.6666666666667	1534.0	1730
AL451070.1	439.0	439.0	439
FABP3	737.5	659.0	1097
SERINC2	1953.6666666666667	2067.0	2807
AC209007.1	1342.0	1342.0	1342
RNU6-40P	107.0	107.0	107
LDC1P	1520.2	1244.0	2270
AC209007.2	114.0	114.0	114
LINC01226	1425.5555555555557	554.0	5019
AC114488.1	488.5	488.5	591
TINAGL1	1722.1818181818182	926.0	4759
HCRTR1	1493.0	1642.0	2003
PEF1	840.875	746.0	1614
PEF1-AS1	694.4583333333334	695.0	900
AC114488.2	480.0	480.0	480
COL16A1	1364.4705882352941	740.0	5418
ADGRB2	3125.8	2936.0	5414
MIR4254	76.0	76.0	76
AL354919.2	537.0	537.0	537
SPOCD1	1844.142857142857	2021.5	3960
AL354919.1	2257.0	2257.0	2257
AL136115.2	587.0	587.0	587
PTP4A2	1051.3636363636363	672.5	3910
AL136115.1	517.0	517.0	517
AL136115.3	1873.0	1873.0	1873
KHDRBS1	2163.75	2351.0	2738
AL445248.1	624.0	624.0	624
TMEM39B	1388.3333333333333	1538.0	2087
MIR5585	59.0	59.0	59
AL445248.2	291.0	291.0	291
KPNA6	3285.0	2453.0	7355
AL049795.2	667.0	667.0	667
TXLNA	4938.5	4938.5	5012
CCDC28B	1026.8	1089.0	1415
AL049795.1	714.0	714.0	786
IQCC	2122.6666666666665	2089.0	2252
DCDC2B	1606.0	1606.0	1863
TMEM234	1195.4166666666667	1027.0	2736
EIF3I	793.5	693.5	1458
MTMR9LP	1804.0	1711.5	2624
FAM167B	947.0	947.0	947
LCK	1242.2142857142858	927.5	2166
AL121991.1	260.0	260.0	260
AL109945.2	110.0	110.0	110
HDAC1	1045.2	752.5	2409
MARCKSL1	1546.0	1546.0	1546
AL109945.1	687.0	687.0	687
TSSK3	570.0	494.0	1026
FAM229A	1066.5	572.5	2759
BSDC1	1364.0625	797.0	4599
GAPDHP20	1007.0	1007.0	1007
AL356986.1	341.0	341.0	341
LRRC37A12P	1801.0	1801.0	1801
RN7SL122P	301.0	301.0	301
AL033529.1	3447.0	3447.0	3447
ZBTB8B	12831.0	12831.0	12831
ZBTB8A	4510.0	4510.0	7077
ZBTB8OS	665.8666666666667	598.0	1601
AC114489.1	102.0	102.0	102
RBBP4	1223.2631578947369	690.0	7883
SYNC	1612.0	1196.5	3503
AC114489.2	395.0	395.0	395
KIAA1522	3528.4	5293.0	5493
YARS1	1537.2	1105.5	3238
S100PBP	1193.8125	562.0	4220
FNDC5	1174.875	738.0	2831
HPCA	705.6	539.0	1412
TMEM54	765.3333333333334	758.0	1030
AL031602.2	575.0	575.0	575
RNF19B	2497.3333333333335	2560.0	2598
AL031602.1	643.0	643.0	911
AL355864.1	526.0	526.0	526
AL355864.2	863.0	863.0	863
AL020995.1	1680.0	1680.0	1680
AK2	1757.0555555555557	883.0	5970
AL020995.2	345.0	345.0	345
AZIN2	1712.2857142857142	879.0	5848
AL662907.1	1360.0	1360.0	1360
TRIM62	1641.75	1222.0	3817
AL662907.2	3448.0	3448.0	3448
AL662907.3	982.0	982.0	1932
ZNF362	1505.4	712.0	3187
AL513327.3	469.0	469.0	469
A3GALT2	1023.0	1023.0	1023
AL513327.1	802.3636363636364	836.0	1432
PHC2	1708.75	1116.5	3870
MIR3605	100.0	100.0	100
RN7SKP16	299.0	299.0	299
AL513327.2	490.0	490.0	490
TLR12P	2706.0	2706.0	2706
ZSCAN20	2520.0	2367.0	4316
AC115285.1	736.0	736.0	736
CSMD2	6602.4	3795.5	13698
HSPD1P14	1618.0	1618.0	1618
HMGB4	1478.75	1486.5	2505
CSMD2-AS1	886.952380952381	928.0	1367
RNA5SP42	115.0	115.0	115
C1orf94	2593.0	2593.0	3050
AC115286.1	434.0	434.0	434
AC099565.1	1426.0	1426.0	1426
MIR552	96.0	96.0	96
SMIM12	2271.3333333333335	1768.0	5694
GJB5	1355.0	1355.0	1355
GJB4	1444.0	1444.0	1444
AL121988.1	560.0	560.0	560
GJB3	1994.5	1994.5	2192
GJA4	1340.0	1340.0	1621
AL122010.1	720.0	720.0	720
DLGAP3	2660.6666666666665	3587.0	3921
AC114490.3	3163.0	3163.0	3163
AC114490.1	1406.5	1406.5	1887
AC114490.2	3099.0	3099.0	3099
TMEM35B	922.0	922.0	922
ZMYM6	2289.4444444444443	1473.0	6241
ZMYM1	2607.181818181818	3055.0	4608
RPL12P45	478.0	478.0	478
EFCAB14P1	463.0	463.0	463
AL590434.2	1886.0	1886.0	1886
SFPQ	1191.2	677.5	3740
AL590434.1	94.0	94.0	94
ZMYM4	2565.6666666666665	566.0	7366
RN7SL503P	303.0	303.0	303
AL160000.1	152.0	152.0	152
RPL5P4	886.0	886.0	886
ZMYM4-AS1	459.0	459.0	459
AL356362.1	323.0	323.0	323
KIAA0319L	1404.35	872.0	4777
AC004865.1	1003.0	1003.0	1003
NCDN	2294.1666666666665	2237.0	3698
AC004865.2	567.5	567.5	852
TFAP2E	1812.0	1812.0	2245
PSMB2	3256.6666666666665	4217.0	4426
C1orf216	1232.6666666666667	578.0	2628
CLSPN	3756.3333333333335	3993.5	8512
AL354864.1	539.0	539.0	539
AGO4	2697.0	522.0	7272
AGO1	6848.0	3996.0	13712
AL139286.1	483.0	483.0	483
AL139286.3	1802.0	1802.0	1802
AL139286.2	396.0	396.0	396
AGO3	4340.142857142857	1726.0	19660
AL138787.2	376.0	376.0	385
AL138787.1	1286.0	1286.0	1674
TEKT2	1327.0	1490.0	1738
ADPRHL2	1651.0	1651.0	1651
COL8A2	3717.3333333333335	4447.0	4669
TRAPPC3	1099.8	1085.0	2428
MAP7D1	1469.6923076923076	906.0	3456
RN7SL131P	256.0	256.0	256
THRAP3	3026.5	3582.0	4405
UBE2V2P4	259.0	259.0	259
SH3D21	2275.3333333333335	2043.0	5952
EVA1B	876.5	876.5	1054
AL591845.1	4878.0	4878.0	4878
STK40	2331.625	2260.5	4837
LSM10	755.6666666666666	860.0	1006
RNU4-27P	139.0	139.0	139
OSCP1	798.3333333333334	683.5	1463
SNORA63C	129.0	129.0	129
MRPS15	1306.25	1282.5	2127
CSF3R	1977.7333333333333	1659.0	6074
FTLP18	523.0	523.0	523
AL596257.1	2694.0	2694.0	2694
AC117945.2	1521.0	1521.0	1521
AC117945.1	620.5	620.5	778
GRIK3	3388.5	1756.5	9491
AL031430.1	1039.0	1039.0	1039
AL353604.1	1804.3333333333333	1993.0	2824
MIR4255	72.0	72.0	72
RNU6-636P	107.0	107.0	107
RNA5SP43	110.0	110.0	110
RPS29P6	145.0	145.0	145
LINC01137	1631.0	1631.0	1867
ZC3H12A	1590.75	1623.5	2721
MIR6732	60.0	60.0	60
MEAF6	1261.2222222222222	1351.0	2147
MIR5581	60.0	60.0	60
SNIP1	2198.0	1846.0	4554
FTH1P1	532.0	532.0	532
AL034379.1	253.0	253.0	253
DNALI1	1776.5	1670.0	3539
GNL2	967.6666666666666	630.0	2409
AL513220.1	1326.0	1326.0	1326
RSPO1	2498.25	2397.0	2879
C1orf109	1107.642857142857	755.0	2622
CDCA8	2337.0	2337.0	2371
EPHA10	1920.2727272727273	2000.0	5477
AC104336.1	100.0	100.0	100
ACTN4P2	1892.0	1892.0	1892
AL929472.1	429.0	429.0	429
MANEAL	1850.2	1930.0	2685
AL929472.3	700.0	700.0	700
YRDC	1848.0	1848.0	1848
C1orf122	1253.75	1281.5	2229
MTF1	4175.0	4175.0	7937
AL929472.4	691.0	691.0	691
INPP5B	2460.818181818182	3230.0	4694
AL929472.2	481.0	481.0	481
AL929472.5	81.0	81.0	81
RNU6-584P	95.0	95.0	95
AL603790.1	273.0	273.0	273
SF3A3	939.125	775.5	2774
RNU6-510P	108.0	108.0	108
FHL3	1140.8	1091.0	1656
UTP11	1310.25	1322.5	2023
POU3F1	2965.0	2965.0	2965
MIR3659HG	583.0	583.0	593
AL139158.1	340.0	340.0	340
MIR3659	99.0	99.0	99
LINC02786	1562.0	1562.0	1562
AL390839.1	1033.0	1033.0	1033
AL390839.2	1235.0	1235.0	1235
LINC01343	1571.5	1571.5	2283
AL513479.1	585.0	585.0	585
RNU6-753P	107.0	107.0	107
LINC01685	1268.1875	1225.5	1660
AL354702.1	1960.0	1960.0	1960
AL354702.2	614.6666666666666	514.0	890
RRAGC	1621.5	1618.5	2681
AL139260.2	2171.0	2171.0	2171
AL139260.1	668.4	630.0	1172
MYCBP	1110.5	784.5	2532
AL139260.3	1674.5	1495.0	3231
GJA9	2091.0	2091.0	2281
RHBDL2	1569.6666666666667	1883.0	2129
RNU6-605P	108.0	108.0	108
AL714019.1	101.0	101.0	101
EIF1P2	350.0	350.0	350
AKIRIN1	1494.75	1286.5	2688
NDUFS5	519.5	519.5	544
MACF1	5450.875	2429.0	24828
RNU6-608P	104.0	104.0	104
RNA5SP44	133.0	133.0	133
AL442071.2	1941.0	1941.0	1941
AL442071.1	558.0	558.0	558
HSPE1P8	288.0	288.0	288
BMP8A	5636.0	5636.0	5636
OXCT2P1	1535.0	1535.0	1535
PPIEL	1476.6	1070.0	2757
PABPC4	1193.64	738.0	3592
PABPC4-AS1	901.5	901.5	1316
SNORA55	135.0	135.0	135
HEYL	4077.0	4077.0	4077
AL035404.2	304.0	304.0	304
NT5C1A	1107.0	1107.0	1107
HPCAL4	4598.0	4600.0	4758
PPIE	1492.0666666666666	927.0	4651
AL035404.1	568.0	568.0	568
RNU7-121P	62.0	62.0	62
BMP8B	4826.0	4826.0	4826
OXCT2	1826.0	1826.0	1826
BMP8B-AS1	1218.0	1218.0	1218
AL033527.3	1196.0	1196.0	1196
AL033527.2	154.0	154.0	154
AL033527.4	949.5	949.5	1098
LINC02811	673.0	673.0	673
TRIT1	1644.4375	922.0	5930
AL033527.1	113.0	113.0	113
MYCL	2287.0	2600.0	3522
MYCL-AS1	785.0	785.0	785
AL663070.1	109.0	109.0	109
MFSD2A	1485.2	1430.0	2432
AL663070.2	725.0	725.0	725
CAP1	1272.2105263157894	817.0	3105
PPT1	1711.3157894736842	1957.0	4010
AL512599.1	685.0	685.0	685
RLF	6232.0	6232.0	6232
RNU6-1237P	107.0	107.0	107
TMCO2	623.5	623.5	696
AL050341.2	1541.0	1541.0	1541
ZMPSTE24	1150.75	549.0	2975
AL050341.1	313.0	313.0	313
COL9A2	1016.1666666666666	672.5	2887
AL031985.2	480.0	480.0	480
SMAP2	1912.8333333333333	2487.0	2905
AL031985.1	418.0	418.0	418
AL031985.4	673.0	673.0	673
ZFP69B	2171.0	2163.0	2382
AL031985.3	2449.0	2449.0	2449
AL603839.4	1005.0	1005.0	1005
ZFP69	1814.0	2104.0	2796
AL603839.3	605.0	605.0	605
EXO5	1206.8	864.0	2567
AL603839.1	432.0	432.0	432
AL603839.2	546.0	546.0	546
ZNF684	1227.5714285714287	1028.0	2102
AL356379.2	720.0	720.0	720
AL356379.1	126.0	126.0	126
GTF2F2P2	721.0	721.0	721
RIMS3	4333.5	4333.5	7259
AL031289.2	1672.0	1672.0	1672
AL031289.1	471.0	471.0	471
NFYC-AS1	1687.0	1687.0	1687
NFYC	1197.8333333333333	1239.0	2363
MIR30E	92.0	92.0	92
MIR30C1	89.0	89.0	89
KCNQ4	3005.0	2885.0	4324
RN7SL326P	296.0	296.0	296
CITED4	1310.0	1310.0	1310
AC119677.1	471.0	471.0	471
AL391730.1	921.0	921.0	921
AL391730.2	1354.0	1354.0	1354
UBE2V1P8	265.0	265.0	265
CTPS1	2551.6666666666665	2342.5	5325
SLFNL1-AS1	4800.0	4800.0	4800
SLFNL1	2579.4	2117.0	4310
SCMH1	2150.1176470588234	2977.0	3323
RPL23AP17	499.0	499.0	499
AC093151.7	4437.0	4437.0	4437
AC093151.2	728.0	666.0	1066
AC093151.1	313.0	313.0	313
AC093151.5	1086.0	1013.0	1348
FOXO6	1937.0	1937.0	2398
FOXO6-AS1	394.0	394.0	394
RNA5SP45	92.0	92.0	92
EDN2	666.4	485.0	1253
HIVEP3	6271.0	2369.0	12617
AL445933.2	265.0	265.0	265
AL445933.1	2242.0	2242.0	2242
AC119676.1	81.0	81.0	81
AL158216.1	1188.0	1188.0	1188
HNRNPFP1	1133.0	1133.0	1133
AC114492.1	454.0	454.0	454
GUCA2B	604.0	604.0	604
GUCA2A	597.0	597.0	597
FOXJ3	3655.222222222222	5106.0	5352
AC096540.1	661.0	661.0	661
RIMKLA	5720.5	5720.5	10577
AL513331.1	397.0	397.0	397
ZMYND12	1032.0	1090.5	1530
PPCS	1092.0	879.5	2269
CCDC30	2183.689655172414	2041.5	6827
AL445669.1	755.0	755.0	755
TMSB4XP1	135.0	135.0	135
RNU6-536P	107.0	107.0	107
AL445669.2	421.0	421.0	421
PPIH	559.6666666666666	596.0	754
AC098484.4	1963.0	1963.0	2041
AC098484.2	601.0	601.0	601
YBX1	1512.25	1150.0	2979
CLDN19	2648.0	2841.0	3517
P3H1	1586.357142857143	866.5	3001
C1orf50	1948.6666666666667	589.0	4760
AC098484.3	867.0	825.0	1008
AC098484.1	484.0	484.0	484
TMEM269	1536.75	1138.5	3354
SVBP	721.6666666666666	708.0	807
ERMAP	1973.2222222222222	1616.0	3949
AL512353.1	1083.6	610.0	3131
ZNF691	1571.111111111111	1683.0	1935
AL512353.2	1962.0	1962.0	1962
AL512353.3	1326.0	1326.0	1326
ATP6V1E1P1	681.0	681.0	681
SLC2A1	1018.3	584.5	3362
ATP6V0CP4	440.0	440.0	440
SLC2A1-AS1	1873.0	1646.5	3075
AC099795.1	638.3333333333334	621.0	759
RNU6-880P	107.0	107.0	107
AL161637.2	89.0	89.0	89
AL161637.1	412.0	412.0	412
FAM183A	475.8333333333333	488.0	536
EBNA1BP2	886.8888888888889	759.0	1503
MIR6733	61.0	61.0	61
CFAP57	1963.25	1336.5	4244
RNA5SP46	120.0	120.0	120
TMEM125	1098.25	1182.0	1850
C1orf210	1057.5	1057.5	1486
TIE1	1195.0	638.0	3893
MPL	1948.25	1815.0	3633
AL139289.2	557.0	557.0	557
AL139289.1	661.0	661.0	661
CDC20	1150.75	1202.0	1777
ELOVL1	950.125	848.5	1625
MIR6734	68.0	68.0	68
MED8	1265.2	1186.0	1968
MED8-AS1	731.0	731.0	731
SZT2	3634.842105263158	2204.0	14136
SZT2-AS1	699.0	699.0	699
MIR6735	73.0	73.0	73
HYI	926.6923076923077	796.0	2173
HYI-AS1	545.0	545.0	545
PTPRF	3187.3125	2744.5	7720
KDM4A	1460.2	852.0	4486
AL451062.4	4037.0	4037.0	4037
KDM4A-AS1	1051.0	686.0	3389
ST3GAL3	1687.6470588235295	1805.0	4776
AL451062.1	469.0	469.0	469
AL451062.3	90.0	90.0	90
AL451062.2	271.0	271.0	271
MIR6079	62.0	62.0	62
SHMT1P1	1312.0	1312.0	1312
ARTN	859.3636363636364	524.0	1943
AL357079.1	2224.0	2224.0	2224
AL357079.3	424.6666666666667	486.0	494
IPO13	1092.142857142857	501.0	3883
AL357079.2	2044.0	2044.0	2044
DPH2	1063.0	851.0	2466
ATP6V0B	987.4615384615385	865.0	2432
B4GALT2	1505.75	1463.5	2629
CCDC24	1113.090909090909	860.0	2654
SLC6A9	1655.0833333333333	1903.5	3130
AL139220.2	839.32	654.0	2644
AL139220.1	520.0	520.0	520
KRT8P47	1398.0	1398.0	1398
RN7SL479P	300.0	300.0	300
KLF17	1927.5	1927.5	3160
AL356653.1	360.0	360.0	360
KLF18	3159.0	3159.0	3159
AL359839.2	1160.0	1160.0	1160
AL359839.1	96.0	96.0	96
OOSP1P1	274.0	274.0	274
AL035417.1	214.0	214.0	214
AL035417.2	796.0	796.0	796
DMAP1	1172.4	874.0	4552
ERI3	937.1	973.5	1733
ERI3-IT1	619.0	619.0	619
RNU6-369P	102.0	102.0	102
RNF220	1640.0	1058.0	3835
MIR5584	60.0	60.0	60
TMEM53	1452.888888888889	1579.0	2236
ARMH1	869.7619047619048	726.0	2218
RNU5F-1	117.0	117.0	117
RNU5D-1	116.0	116.0	116
KIF2C	1315.375	999.5	2955
AL592166.1	545.0	545.0	580
RPS8	799.25	815.0	1115
SNORD55	80.0	80.0	80
SNORD46	104.0	104.0	104
SNORD38A	70.0	70.0	70
SNORD38B	67.0	67.0	67
SNORD38B	69.0	69.0	69
RPS15AP11	385.0	385.0	385
BEST4	2512.0	2512.0	2512
PLK3	1288.142857142857	873.0	2477
TCTEX1D4	763.0	763.0	763
BTBD19	1047.4444444444443	934.0	2659
PTCH2	3272.6666666666665	4298.0	4410
RNU5E-6P	115.0	115.0	115
AL136380.1	162.0	162.0	162
EIF2B3	1041.3	860.0	1923
RNA5SP47	109.0	109.0	109
CCNB1IP1P1	839.0	839.0	839
PPIAP35	492.0	492.0	492
MRPS17P1	3130.0	3130.0	3130
HECTD3	1592.142857142857	914.0	3597
UROD	976.5555555555555	901.0	2138
ZSWIM5	3129.0	3129.0	5868
OSTCP5	453.0	453.0	453
LINC01144	1710.0	1710.0	1710
HPDL	1785.0	1785.0	1785
MUTYH	1205.9347826086957	1007.5	2528
AL451136.1	2768.0	2768.0	2768
TOE1	1344.0	1074.0	2173
TESK2	2279.5	2809.5	3071
PPIAP36	325.0	325.0	325
CCDC163	1559.625	1610.0	2229
MMACHC	2388.6666666666665	1510.0	5049
PRDX1	786.5	702.0	1234
HMGB1P48	598.0	598.0	598
AKR1A1	854.0	807.5	1818
AL355480.3	96.0	96.0	96
AL355480.1	99.0	99.0	99
NASP	1208.4	778.0	3659
AL355480.2	84.0	84.0	84
AL355480.4	69.0	69.0	69
CCDC17	1777.2222222222222	2038.0	2988
GPBP1L1	1346.2142857142858	787.5	3641
RPS15AP10	382.0	382.0	382
AL604028.2	788.0	788.0	788
TMEM69	1093.5	1093.5	1465
IPP	1547.5	1337.0	3117
AL604028.1	598.0	598.0	598
AL603882.1	681.0	681.0	681
MAST2	1997.1818181818182	859.0	5737
TMA16P2	601.0	601.0	601
PIK3R3	3186.8571428571427	3117.0	5596
AL358075.4	1553.0	1553.0	1553
AL358075.1	649.0	649.0	649
AL358075.3	226.0	226.0	226
AL358075.2	339.0	339.0	339
TSPAN1	905.4444444444445	872.0	1619
P3R3URF	395.0	395.0	395
POMGNT1	1628.1	970.0	3480
LURAP1	1849.0	1849.0	1849
RAD54L	1118.047619047619	767.0	3114
LRRC41	2859.875	2894.5	4455
UQCRH	614.4	621.0	687
NSUN4	1953.5555555555557	2087.0	4344
AL122001.1	370.0	370.0	370
FAAH	1043.3333333333333	907.5	2042
FAAHP1	638.7142857142857	618.0	1238
LINC01398	1158.5	1105.0	1401
DMBX1	3966.0	3966.0	5050
TMEM275	1633.0	1633.0	1633
MKNK1-AS1	1870.0	1870.0	2445
KNCN	1132.0	822.5	2320
MKNK1	1213.9354838709678	682.0	3408
MOB3C	3048.0	2811.0	5725
ATPAF1	1288.7857142857142	1110.0	4158
NENFP1	466.0	466.0	466
TEX38	761.5	738.5	1003
EFCAB14-AS1	495.5	495.5	500
EFCAB14	2076.875	888.0	5817
AL593856.1	805.0	805.0	805
CYP4B1	1198.1333333333334	1289.0	2174
CYP4Z2P	1474.0	1474.0	1512
AL731892.1	1192.0	1192.0	1192
CYP4A11	1658.0	1760.0	2530
CYP4A26P	196.0	196.0	196
CYP4A43P	121.0	121.0	121
CYP4A27P	190.0	190.0	190
CYP4A44P	154.0	154.0	154
CYP4X1	1404.5	1404.5	2256
CYP4Z1	1349.5	1349.5	2162
AL450996.1	1202.0	1202.0	1202
CYP4A22-AS1	921.0	921.0	921
CYP4A22	1887.5714285714287	1760.0	2535
MTND1P34	671.0	671.0	671
LINC00853	661.0	661.0	661
PDZK1IP1	771.0	778.5	838
TAL1	2102.1666666666665	1150.0	5001
AL135960.1	4036.0	4036.0	4036
STIL	3110.6666666666665	3417.0	5225
CMPK1	1344.0	950.0	2930
LINC01389	483.0	483.0	483
FOXE3	1768.0	1768.0	1768
FOXD2-AS1	2509.0	2509.0	2509
FOXD2	4675.0	4675.0	4675
AL356458.1	465.0	465.0	465
RPL21P24	448.0	448.0	448
ATP6V0E1P4	242.0	242.0	242
LINC01738	1461.0	1461.0	1461
TRABD2B	4071.5	4071.5	7524
AL691459.1	407.0	407.0	407
AC096541.1	1807.0	1807.0	1807
LINC02794	681.6666666666666	743.0	789
AL356289.1	292.0	292.0	292
CYP46A4P	267.0	267.0	267
SKINT1L	687.75	697.0	817
AL356289.2	2654.5	2654.5	2669
AL109659.1	651.0	651.0	651
SLC5A9	1941.7	1969.5	3769
AL109659.2	1674.0	1674.0	1674
AL109659.3	950.0	950.0	950
SPATA6	1648.5454545454545	897.0	5003
PPP1R8P1	1044.0	1044.0	1044
RNU6-723P	107.0	107.0	107
AL356968.2	1257.0	1257.0	1257
RNU4-61P	107.0	107.0	107
AL356968.1	474.0	474.0	474
AGBL4	1873.3333333333333	1403.5	3938
AL391844.1	1861.0	1861.0	1861
BEND5	864.5	540.0	1693
AL645507.1	573.0	573.0	573
AC099788.1	793.0	793.0	793
AGBL4-AS1	566.0	566.0	566
AGBL4-IT1	514.0	514.0	514
AL390023.1	262.0	262.0	262
ZNF859P	1966.0	1966.0	1966
AL645730.1	1901.0	1901.0	1901
MTND2P29	412.0	412.0	412
ELAVL4	1978.2105263157894	1653.0	3999
AL583843.1	346.0	346.0	346
ELAVL4-AS1	858.0	858.0	858
AL592182.1	250.0	250.0	250
LINC02808	706.8888888888889	626.0	1706
AL592182.2	3304.0	3304.0	3304
AL596275.1	877.0	877.0	877
HMGB1P45	653.0	653.0	653
FCF1P6	595.0	595.0	595
DMRTA2	2960.0	2960.0	3080
AL049637.1	930.0	930.0	930
FAF1	2406.2	1643.0	6821
FAF1-AS1	503.0	503.0	503
RNU6-1026P	108.0	108.0	108
PHBP12	811.0	811.0	811
MRPS6P2	370.0	370.0	370
CDKN2C	1991.6666666666667	2076.0	2904
MIR4421	69.0	69.0	69
MIR6500	86.0	86.0	86
C1orf185	726.8	747.0	921
AL162430.1	110.0	110.0	110
CFL1P2	684.0	684.0	684
LINC01562	2366.0	2366.0	2366
RNF11	1540.3333333333333	953.0	3074
AL162430.2	870.0	870.0	870
AL162430.3	435.0	435.0	435
TTC39A	1514.7777777777778	930.5	6287
TTC39A-AS1	683.0	683.0	812
EPS15	1726.4444444444443	731.0	5163
AL671986.1	955.0	955.0	955
RNU6-877P	107.0	107.0	107
AC104170.1	678.0	678.0	678
EPS15-AS1	308.5	308.5	362
RNU6-1281P	105.0	105.0	105
CALR4P	1490.5	1444.5	2363
OSBPL9	1697.4814814814815	863.0	4520
GAPDHP51	1000.0	1000.0	1000
SLC25A6P3	879.0	879.0	879
AL050343.1	122.0	122.0	122
NRDC	1857.7142857142858	1022.5	3895
AL050343.2	754.25	747.5	1290
AL050343.3	280.0	280.0	280
MIR761	59.0	59.0	59
TSEN15P2	358.0	358.0	358
RAB3B	12780.0	12780.0	12780
RNA5SP48	126.0	126.0	126
AL445685.2	342.0	342.0	342
RN7SL290P	300.0	300.0	300
TXNDC12	867.0	800.0	1416
AL445685.3	1986.0	1986.0	1986
KTI12	1708.0	1708.0	1708
AL445685.1	762.0	762.0	762
TXNDC12-AS1	391.0	391.0	391
BTF3L4	1382.75	843.0	4533
ZFYVE9	3623.8	4567.0	5194
RN7SL788P	316.0	316.0	316
AL139156.2	340.0	340.0	340
AL139156.1	841.0	841.0	841
PDCL3P6	706.0	706.0	706
AL139156.3	394.0	394.0	394
DNAJC19P7	344.0	344.0	344
ANAPC10P1	556.0	556.0	556
CC2D1B	2064.181818181818	2018.0	5642
AL513218.1	391.0	391.0	391
AL513218.2	939.0	939.0	939
PLA2G12AP1	568.0	568.0	568
ORC1	3100.5	3100.5	3121
PRPF38A	2406.0	1059.0	5233
TUT4	2154.6666666666665	1010.0	5858
AL591167.1	456.0	456.0	456
EEF1GP7	703.0	703.0	703
GPX7	1051.0	1051.0	1229
SHISAL2A	1224.25	1196.0	1992
COA7	2448.0	2448.0	3988
NDUFS5P3	321.0	321.0	321
RN7SL62P	297.0	297.0	297
ZYG11B	5218.5	5218.5	8143
RNU2-30P	141.0	141.0	141
RPS13P2	455.0	455.0	455
RNU6-969P	105.0	105.0	105
ZYG11A	4023.0	3942.0	4445
AC099677.3	380.0	380.0	380
ECHDC2	1181.7307692307693	785.0	5817
AC099677.1	175.0	175.0	175
AC099677.2	175.0	175.0	175
SCP2	1670.6470588235295	1101.0	5204
AC099677.4	99.0	99.0	99
AC099677.6	88.0	88.0	88
AC099677.5	100.0	100.0	100
H3P2	395.0	395.0	395
AL445183.3	502.0	502.0	502
TUBBP10	1301.0	1301.0	1301
PODN	1978.4444444444443	1852.0	3248
AL445183.1	467.0	467.0	467
HIGD1AP11	280.0	280.0	280
SLC1A7	2466.0	2477.0	3378
AL445183.2	1871.0	1871.0	1871
AL606760.4	718.0	718.0	718
CPT2	2600.3333333333335	2671.0	4539
AL606760.2	679.5	679.5	835
CZIB	1140.2857142857142	1009.0	1912
AL606760.3	3591.0	3591.0	3591
MAGOH	647.25	675.5	738
AL606760.1	1360.3333333333333	1295.0	1649
LRP8	2832.25	2800.5	10750
AL355483.3	470.0	470.0	470
AL355483.1	675.0	675.0	675
AL355483.2	752.0	752.0	752
LINC01771	567.0	567.0	567
AC119428.2	886.0	886.0	886
AC119428.1	383.0	383.0	383
LINC02812	830.5	830.5	850
SLC25A3P1	949.5	703.0	2531
AL365445.1	79.0	79.0	79
DMRTB1	1355.5	1355.5	1910
GLIS1	2809.5	2809.5	2812
RNU7-95P	64.0	64.0	64
NDC1	2668.5	2668.5	4552
AL049745.1	136.0	136.0	136
AL049745.2	286.0	286.0	286
YIPF1	1210.7142857142858	1009.0	1821
DIO1	896.8235294117648	688.0	1861
HSPB11	779.3333333333334	822.0	915
LRRC42	1196.8	1044.0	1764
HNRNPA3P12	1063.0	1063.0	1063
LDLRAD1	1867.5	2220.0	2376
TMEM59	1717.4444444444443	1074.0	6457
AL353898.3	1755.0	1755.0	1755
TCEANC2	3670.8	2538.0	10429
MIR4781	76.0	76.0	76
AL353898.1	238.0	238.0	238
AL353898.2	255.0	255.0	255
AL357673.1	1823.6666666666667	2382.0	2542
CDCP2	2173.0	2173.0	2723
AL357673.2	4969.0	4969.0	4969
CYB5RL	2633.3333333333335	2642.0	5777
MRPL37	1088.0	1023.5	1582
SSBP3	1190.0	776.0	3168
SSBP3-AS1	2624.0	2624.0	2624
AL161644.1	1111.0	1111.0	1111
AL035415.1	289.0	289.0	289
AC099796.2	1051.0	1051.0	1051
LINC02784	683.0	683.0	683
AC099796.1	108.0	108.0	108
HNRNPA1P63	963.0	963.0	963
ACOT11	3058.2	2875.0	6369
FAM151A	1709.5	1709.5	1975
AL590093.1	623.0	623.0	623
MROH7	3112.769230769231	3413.0	4542
MROH7-TTC4	5170.0	5514.5	6090
TTC4	1725.5	1998.5	2356
PARS2	2356.0	2356.0	2356
TTC22	1842.8	2149.0	3401
AC096536.1	343.0	343.0	343
LEXM	1714.0	1714.0	1777
DHCR24	2621.3333333333335	2801.0	5311
AC096536.3	831.0	831.0	831
AC096536.2	575.0	575.0	575
DHCR24-DT	443.0	427.0	515
AL590440.2	1240.25	1153.0	1595
TMEM61	1256.0	1256.0	1256
AL590440.1	428.0	428.0	428
BSND	9761.0	9761.0	9761
PCSK9	2233.6666666666665	2199.0	3891
USP24	2012.7142857142858	600.0	10800
MIR4422HG	1320.0	1320.0	2002
GYG1P3	994.0	994.0	994
MIR4422	83.0	83.0	83
AL603840.1	1137.5454545454545	913.0	4063
GOT2P1	1309.0	1309.0	1309
MTCO2P34	607.0	607.0	607
RN7SKP291	327.0	327.0	327
RNU6-830P	107.0	107.0	107
AL109742.1	102.0	102.0	102
LINC01755	1376.6666666666667	531.0	3146
LINC01753	638.25	627.0	702
PIGQP1	430.0	430.0	430
AL353681.1	731.0	731.0	731
AC119674.1	978.0833333333334	1022.5	1860
AC119674.2	1340.4	1267.0	1675
RPSAP20	890.0	890.0	890
LINC01767	753.8571428571429	633.0	1568
PLPP3	1450.2	696.0	3273
RPL21P23	460.0	460.0	460
RPL23AP85	433.0	433.0	433
AC099789.1	141.0	141.0	141
PRKAA2	9317.5	9317.5	9355
FYB2	1719.2	1904.0	3183
AL360295.1	1824.0	1824.0	1824
C8A	2367.0	2367.0	2367
C8B	1367.6666666666667	1330.0	2382
AL161740.1	610.0	610.0	610
DAB1	1921.1818181818182	1150.0	5298
AL390243.1	708.0	708.0	708
RPS20P5	360.0	360.0	360
DAB1-AS1	776.2857142857143	740.5	1262
HNRNPA1P6	1282.0	1282.0	1447
RPS26P15	348.0	348.0	348
AL445193.2	620.0	620.0	620
AL445193.1	141.0	141.0	141
AL357373.1	322.0	322.0	322
OMA1	856.8181818181819	744.0	2105
AL035411.3	1791.0	1791.0	1791
AL035411.2	421.0	421.0	421
RN7SL713P	302.0	302.0	302
TACSTD2	1820.0	1820.0	1820
AL035411.1	690.0	690.0	690
MYSM1	4169.583333333333	3984.5	7794
AL136985.3	2463.5	2463.5	2708
JUN	3257.0	3257.0	3257
LINC01135	2017.4	2366.0	2518
AL136985.2	535.0	535.0	535
AL136985.1	395.0	395.0	395
LINC02777	1240.3	1265.5	1383
LINC01358	1154.037037037037	1217.0	2575
PHBP3	819.0	819.0	819
AL592431.2	171.0	171.0	171
AL592431.1	317.0	317.0	317
AC093425.1	1173.923076923077	1010.0	2841
AC093424.1	338.0	338.0	338
FGGY	1585.44	905.0	5360
MIR4711	70.0	70.0	70
AL035416.1	767.0	767.0	767
HOOK1	1688.1666666666667	791.0	5713
CYP2J2	2024.0	2006.0	2549
RN7SL475P	298.0	298.0	298
C1orf87	1540.4	1307.0	3012
PGBD4P8	562.0	562.0	562
LINC02778	921.5	921.5	1160
LINC01748	1922.888888888889	1661.0	6038
AC099792.1	1802.875	1832.5	2344
NFIA	4616.545454545455	2226.5	44880
NFIA-AS2	2271.0	2228.0	4256
NFIA-AS1	347.85714285714283	373.0	480
AC099791.3	2442.0	2442.0	2442
AC099791.4	1416.0	1416.0	1416
AC099791.1	715.0	715.0	715
TM2D1	1014.25	832.5	3218
AC099791.2	427.0	427.0	427
PATJ	3543.4444444444443	3914.5	8730
RNU6-414P	104.0	104.0	104
RNU6-1177P	104.0	104.0	104
LAMTOR5P1	270.0	270.0	270
RN7SL180P	294.0	294.0	294
MIR3116-1	74.0	74.0	74
MIR3116-2	68.0	68.0	68
PIGPP2	458.0	458.0	458
RPS15AP7	405.0	405.0	405
L1TD1	3831.0	3831.0	3831
AL162739.2	307.0	307.0	307
AL162739.1	110.0	110.0	110
KANK4	3176.25	2563.0	5499
RNU6-371P	108.0	108.0	108
USP1	2126.0	2200.0	3602
DOCK7	2276.027027027027	765.0	8283
AL451044.1	238.0	238.0	238
ANGPTL3	1350.0	751.0	2926
AL138847.2	1819.0	1819.0	1819
AL138847.1	546.0	546.0	546
AC103923.1	1228.0	1228.0	1228
ATG4C	1513.2	665.0	2944
AC099794.1	447.0	447.0	447
AC099794.2	303.0	303.0	303
LINC01739	592.0	490.0	1005
AL162400.3	1126.0	1126.0	1126
AL162400.1	359.0	359.0	359
AL162400.2	157.0	157.0	157
AC096543.1	823.0	823.0	823
LINC00466	1222.909090909091	1286.0	1751
RNA5SP49	115.0	115.0	115
AC096543.2	859.0	859.0	859
RPSAP65	595.0	595.0	595
FOXD3-AS1	589.0	496.0	941
FOXD3	2562.0	2562.0	2562
MIR6068	60.0	60.0	60
AL049636.2	110.0	110.0	110
AL049636.1	1357.0	1357.0	1357
ALG6	1419.6666666666667	1203.5	3325
ITGB3BP	862.0714285714286	946.5	1285
BX004807.1	1206.0	1206.0	1206
EFCAB7	1404.8333333333333	861.0	3795
RN7SL488P	286.0	286.0	286
RNU7-123P	60.0	60.0	60
DLEU2L	3555.0	3555.0	3555
AL109925.3	136.0	136.0	136
AL109925.6	84.0	84.0	84
AL109925.4	58.0	58.0	58
AL109925.2	73.0	73.0	73
AL109925.5	90.0	90.0	90
AL109925.1	120.0	120.0	120
PGM1	1791.1666666666667	2341.0	2657
RN7SL130P	305.0	305.0	305
ROR1	3606.25	3833.5	5858
AL161742.1	584.0	584.0	584
CFL1P3	490.0	490.0	490
RNU6-809P	107.0	107.0	107
AL138793.1	102.0	102.0	102
ROR1-AS1	1472.6666666666667	1574.0	2189
AL445205.1	1031.0	1031.0	1031
UBE2U	933.6666666666666	955.5	1550
RNU7-62P	62.0	62.0	62
CACHD1	4711.833333333333	5410.5	5933
MIR4794	77.0	77.0	77
RAVER2	3763.6666666666665	4362.0	4398
JAK1	3620.4285714285716	4830.0	7780
AL606517.2	241.0	241.0	241
AL606517.1	387.0	387.0	387
LINC01359	1172.095238095238	907.0	3170
SLC2A3P2	1480.0	1480.0	1480
AL357078.2	618.0	618.0	618
RNU6-1176P	107.0	107.0	107
MIR3671	88.0	88.0	88
MIR101-1	75.0	75.0	75
AL357078.1	427.0	427.0	427
MRPS21P1	223.0	223.0	223
AK4	3217.125	1189.0	6998
RPS29P7	171.0	171.0	171
DNAJC6	2667.25	1121.5	5962
AL139294.1	512.0	512.0	512
COX6CP13	226.0	226.0	226
RNU2-15P	191.0	191.0	191
LEPROT	1821.5	520.5	4625
LEPR	3756.0	3007.0	8227
AC119800.1	423.0	423.0	423
AC097063.1	1797.0	1797.0	1797
AL513493.1	2316.0	2316.0	2316
RN7SL854P	295.0	295.0	295
PDE4B	1508.7222222222222	597.0	4546
AL590783.1	456.0	456.0	456
RNU4-88P	86.0	86.0	86
SGIP1	2051.1428571428573	771.0	10737
MIR3117	78.0	78.0	78
AL139147.1	1156.0	1156.0	1156
TCTEX1D1	950.1666666666666	788.5	2262
INSL5	715.0	715.0	715
WDR78	1384.5833333333333	648.5	4206
AL592161.1	861.0	861.0	861
MIER1	2603.090909090909	2420.0	4978
SLC35D1	6193.0	6193.0	6193
C1orf141	2257.125	2066.0	4304
AL133320.1	135.0	135.0	135
AL133320.2	2352.0	2352.0	2352
IL23R	1865.4	1507.0	2858
RNU6-586P	104.0	104.0	104
RNU4ATAC4P	126.0	126.0	126
AL389925.1	728.0	728.0	728
IL12RB2	2741.285714285714	3773.0	4040
SERBP1	2046.625	1124.5	6676
RNU6-387P	105.0	105.0	105
LINC01702	514.25	497.0	745
RNU6-1031P	107.0	107.0	107
AL590559.1	374.0	374.0	374
RN7SL392P	299.0	299.0	299
HNRNPCP9	859.0	859.0	859
GADD45A	901.8571428571429	874.0	1352
GNG12	2429.0	2429.0	4395
RNU7-80P	61.0	61.0	61
GNG12-AS1	1386.0	1427.0	2232
AL157407.1	904.0	904.0	904
DIRAS3	1765.0	1765.0	2049
ARL5AP3	386.0	386.0	386
WLS	1069.5714285714287	746.0	2716
CTBP2P8	1330.0	1330.0	1330
MIR1262	93.0	93.0	93
RPS7P4	582.0	582.0	582
COX6B1P7	235.0	235.0	235
ELOCP18	337.0	337.0	337
AL139413.1	217.0	217.0	217
RPE65	2605.0	2605.0	2605
DEPDC1	2947.6	2658.0	5299
AL138789.1	960.0	960.0	960
DEPDC1-AS1	1247.0	1247.0	1247
TXNP2	295.0	295.0	295
AL035412.1	2636.0	2636.0	2636
AL033530.1	1215.0	1299.0	1805
AL691520.1	716.0	716.0	716
LINC01707	1314.0	997.0	3539
LINC02791	613.0	613.0	792
LINC01758	458.0	458.0	458
AL359894.1	549.0	549.0	549
LRRC7	2381.6428571428573	1631.5	6507
SGO1P1	1447.0	1447.0	1447
AL117353.1	2154.0	2154.0	2154
RN7SL538P	304.0	304.0	304
PIN1P1	648.5	648.5	996
LRRC7-AS1	608.5	608.5	694
LRRC40	2843.0	2843.0	2843
RN7SL242P	297.0	297.0	297
SRSF11	1568.375	790.0	4008
AL353771.1	457.0	457.0	457
ANKRD13C	2223.6	809.0	5658
HHLA3	703.8571428571429	692.0	898
HHLA3-AS1	575.0	575.0	575
CTH	1340.0	1196.0	2090
AL354872.3	283.0	283.0	283
AL354872.2	466.0	466.0	466
AL354872.1	967.0	967.0	967
CASP3P1	609.0	609.0	609
LINC01788	1397.75	1451.0	2086
AL513285.1	432.0	432.0	432
PTGER3	2244.75	1904.5	6982
AL031429.1	749.0	749.0	749
AL031429.2	649.0	649.0	649
ZRANB2-AS1	580.0	580.0	607
ZRANB2	1728.857142857143	1257.0	3677
MIR186	86.0	86.0	86
ZRANB2-AS2	895.3953488372093	719.0	4608
AL358453.1	250.0	250.0	250
NEGR1	3907.2	726.0	12613
AL354949.1	170.0	170.0	170
AL359821.1	182.0	182.0	182
NEGR1-IT1	534.0	534.0	534
GDI2P2	608.0	608.0	608
AL513166.1	1469.5	955.0	4182
RPL31P12	358.0	358.0	358
AL583808.1	697.7	612.0	1122
RNU6-1246P	107.0	107.0	107
LINC02796	1382.0	1382.0	1382
LINC02797	1065.0	1065.0	1065
AL732618.1	301.0	301.0	301
KRT8P21	1491.0	1491.0	1491
RN7SKP19	252.0	252.0	252
LINC01360	784.6470588235294	510.0	3871
LINC02238	438.5	438.5	557
RNA5SP50	107.0	107.0	107
AL591463.1	1833.0	1672.0	2291
RNU4ATAC8P	109.0	109.0	109
LRRIQ3	1859.0	1338.0	4524
FPGT	1186.875	884.0	3254
FPGT-TNNI3K	2693.0	2752.0	7566
TNNI3K	920.75	661.5	3019
AC093158.1	716.0	716.0	791
AC105271.1	471.0	471.0	497
LRRC53	3859.0	3859.0	3859
ERICH3	3133.8	2068.0	7201
ERICH3-AS1	1963.6666666666667	588.0	4874
AC135803.1	565.0	565.0	565
CRYZ	1651.0	1592.0	2899
TYW3	1369.875	680.5	3437
AC133865.1	339.0	339.0	339
AC099786.3	1410.0	1410.0	1410
AC099786.1	670.0	670.0	670
LHX8	2127.0	2244.0	2373
AC099786.2	2203.0	2203.0	2203
RNU6-622P	103.0	103.0	103
SLC44A5	3007.6666666666665	3896.0	4406
AC093156.1	670.0	670.0	670
RNU6-503P	105.0	105.0	105
AL096829.1	457.0	457.0	457
AL137803.1	1009.3333333333334	806.0	1480
ACADM	1200.4444444444443	1031.5	2619
DLSTP1	1354.0	1354.0	1354
RABGGTB	1221.357142857143	904.5	3863
SNORD45C	79.0	79.0	79
SNORD45A	84.0	84.0	84
SNORD45B	72.0	72.0	72
MSH4	3270.0	3270.0	3270
ASB17	1080.0	1080.0	1080
AC092813.1	816.84	840.0	1068
AC092813.2	751.5	751.5	1104
ST6GALNAC3	2771.3333333333335	861.0	6836
AC103592.1	664.0	664.0	664
AC104458.1	463.0	463.0	463
TPI1P1	750.0	750.0	750
RNU6-161P	106.0	106.0	106
LINC02567	448.0	448.0	448
ST6GALNAC5	1899.0	787.0	5547
MIR7156	60.0	60.0	60
AL035409.2	497.0	497.0	497
AL035409.1	2086.0	2086.0	2086
PIGK	2503.0	1926.0	4601
AC113935.1	555.0	555.0	555
AC093433.1	571.0	571.0	571
AC093433.2	1211.0	1211.0	1211
AK5	1101.2307692307693	563.0	3929
AC095030.1	377.0	377.0	377
RNU7-8P	62.0	62.0	62
AC093575.1	2059.0	2059.0	2059
AC118549.1	2025.0	686.0	6412
RNA5SP20	84.0	84.0	84
RN7SL370P	295.0	295.0	295
USP33	1479.888888888889	649.0	4502
ACTG1P21	1000.0	1000.0	1000
MIGA1	4406.555555555556	5149.0	6409
RNA5SP21	96.0	96.0	96
AC138392.1	921.0	921.0	921
NSRP1P1	1693.0	1693.0	1693
HSPE1P25	251.0	251.0	251
NEXN-AS1	2292.0	2292.0	2292
NEXN	1856.875	1714.0	3195
FUBP1	1130.076923076923	668.0	2524
DNAJB4	1142.3333333333333	821.5	2903
GIPC2	2045.0	2045.0	3778
AC103591.3	209.0	209.0	209
AC103591.4	1795.0	1795.0	1795
AC103591.2	766.0	766.0	766
RNU6-1102P	96.0	96.0	96
AC103591.1	556.0	556.0	556
RNA5SP22	109.0	109.0	109
RNFT1P2	757.0	757.0	757
AC096531.2	1581.5	1581.5	1993
PTGFR	4017.0	4393.5	5429
AC096531.1	107.0	107.0	107
RNA5SP23	105.0	105.0	105
IFI44L	1733.8	869.5	5829
IFI44	885.7777777777778	819.0	1682
AC104837.2	424.0	424.0	424
AC104837.1	1587.0	1587.0	1587
ADGRL4	1652.4117647058824	791.0	3672
PSAT1P3	1111.0	1111.0	1111
AL353651.1	355.0	355.0	355
AL353651.2	559.0	559.0	559
LINC02792	1507.0	1507.0	1507
ADH5P2	1124.0	1124.0	1124
AC099671.1	597.0	597.0	597
AC098657.1	1135.0	1135.0	1135
AC098657.2	1976.0	1976.0	1976
AC098657.3	263.0	263.0	263
HMGB1P18	619.0	619.0	619
AL606519.1	580.0	580.0	580
HNRNPA1P64	922.0	922.0	922
AL596276.1	418.0	418.0	418
AL596276.2	331.0	331.0	331
AL136234.1	349.0	349.0	349
LINC01781	553.75	567.0	608
MTND2P30	382.0	382.0	382
RPL7P10	739.0	739.0	739
AL357632.1	643.0	643.0	643
AC093154.1	748.0	748.0	748
RN7SKP247	308.0	308.0	308
ADGRL2	3658.3636363636365	4848.5	6302
HNRNPA3P14	1150.0	1150.0	1150
AL138799.1	1675.0	1675.0	1675
AL138799.2	343.0	343.0	343
AL138799.4	643.0	643.0	643
MED28P8	521.0	521.0	521
AC117944.1	641.0	641.0	641
AL138799.3	350.0	350.0	350
ST13P20	1065.0	1065.0	1065
AL157944.1	2321.3333333333335	1696.5	4247
LINC01362	986.0	947.0	1712
LINC01361	2270.5	1543.5	4519
AC116099.1	761.0	761.0	761
LINC01712	1207.0	1189.0	1373
LINC01725	1812.625	2232.0	3177
AL035706.1	683.0	683.0	683
TTLL7	3944.5	2289.0	8452
TTLL7-IT1	2921.0	2921.0	2921
AC104454.1	1401.0	1401.0	1401
AC104454.2	441.0	441.0	441
AL359504.2	1601.0	1601.0	1601
PRKACB	2383.842105263158	1905.0	4513
AL359504.1	493.0	493.0	493
AL450063.1	244.0	244.0	244
AL359273.1	137.0	137.0	137
SAMD13	940.2222222222222	856.0	1567
AL359273.2	711.3333333333334	627.0	905
UOX	893.2	679.0	1680
DNASE2B	1199.5	1199.5	1269
AL844170.1	1318.0	1318.0	1318
RPF1	1336.0	1336.0	1948
GNG5	761.0	806.0	920
AL359762.3	2686.0	2686.0	2686
SPATA1	952.8333333333334	606.5	2888
CTBS	3211.0	2320.0	6571
AL359762.1	988.5	988.5	1093
AL359762.2	1060.0	1060.0	1060
LINC01555	2884.0	2884.0	2884
AC114482.1	247.0	247.0	247
SSX2IP	2353.3	2024.5	5843
AC104169.1	1172.0	1172.0	1172
LPAR3	2577.0	3345.0	3515
MCOLN2	1674.3333333333333	1719.5	3044
WDR63	2209.1666666666665	2896.5	3477
MCOLN3	2543.5	2752.0	2953
MIR4423	80.0	80.0	80
AL603750.1	1717.0	1717.0	1717
SYDE2	4233.0	4233.0	5466
C1orf52	1945.0	1942.5	3391
AL590113.1	107.0	107.0	107
BCL10	1374.8	1131.0	2833
AL078459.1	1695.6666666666667	1950.0	2673
DDAH1	3294.6	3909.0	4017
AL360219.1	110.0	110.0	110
AL360219.2	366.0	366.0	366
AC092807.4	952.2	517.0	2745
AC092807.3	243.0	243.0	243
CCN1	1414.5	1414.5	2278
AC092807.1	77.0	77.0	77
AC092807.2	255.0	255.0	255
ZNHIT6	6141.5	6141.5	6203
COL24A1	3279.2	2376.0	6834
RNA5SP51	119.0	119.0	119
AC104455.1	736.0	736.0	736
LINC02795	1765.6666666666667	1993.0	2837
ODF2L	1481.1818181818182	768.5	7560
MIR7856	56.0	56.0	56
AC119749.1	691.0	691.0	691
CLCA2	1729.6666666666667	740.0	3935
CLCA1	3157.0	3157.0	3310
CLCA4	1846.5	1846.5	3211
CDCA4P2	718.0	718.0	718
CLCA4-AS1	1462.0	1462.0	2402
CLCA3P	2866.6666666666665	2781.0	3412
AL049597.2	961.0	961.0	961
SH3GLB1	4167.4	6227.0	6456
AL049597.1	555.0	555.0	555
AL355981.1	1638.0	1638.0	1638
SELENOF	1134.111111111111	1220.0	1835
HS2ST1	2961.3333333333335	1585.0	6759
AL121989.1	746.0	746.0	746
AC093155.3	2013.0	2013.0	2013
AC093155.2	937.0	937.0	937
AC093155.1	826.0	826.0	826
LINC01140	1657.3636363636363	1298.0	3368
LINC02801	1899.3333333333333	1152.0	3864
LMO4	1942.5	1106.0	4993
LINC01364	920.0	920.0	920
RNA5SP52	134.0	134.0	134
PKN2-AS1	1942.1538461538462	1594.0	3542
AL445437.1	3087.0	3087.0	3087
AL049861.1	150.0	150.0	150
AL445438.1	599.0	599.0	599
RN7SL583P	287.0	287.0	287
AC093578.1	368.0	368.0	368
AC093578.2	171.0	171.0	171
RPL36AP10	322.0	322.0	322
PKN2	2163.6666666666665	1632.0	6070
RNU6-125P	107.0	107.0	107
ELOCP19	318.0	318.0	318
GTF2B	811.7142857142857	770.0	1599
AL445991.1	475.0	475.0	475
KYAT3	1659.75	1841.5	1937
RBMXL1	3907.5	4777.5	5084
GBP3	1560.5454545454545	702.0	3678
AL160008.1	120.0	120.0	120
GBP1	939.25	680.0	2883
PTGES3P1	483.0	483.0	483
GBP2	3007.5	3574.0	4088
AC104459.1	3491.0	3491.0	3491
GBP7	2021.0	2021.0	2426
GBP4	2455.3333333333335	768.0	6141
AC099063.4	1602.0	1602.0	1602
AC099063.3	185.0	185.0	185
GBP5	2339.0	2011.0	4699
AC099063.1	324.0	324.0	324
AC099063.2	662.0	662.0	662
BX119321.1	797.0	797.0	797
GBP6	2987.0	2987.0	2987
CAPNS1P1	633.0	633.0	633
GBP1P1	1487.0	1487.0	1740
AL596214.1	3326.0	3794.0	4186
LRRC8B	5592.833333333333	7533.5	8034
LRRC8C-DT	2185.818181818182	1493.0	6447
AC093423.2	437.0	437.0	437
LRRC8C	3125.5	2414.0	7170
AC093423.3	654.0	654.0	654
AC093423.1	142.0	142.0	142
AC099568.1	509.0	509.0	509
AC099568.2	695.0	695.0	695
LRRC8D	1567.5714285714287	905.0	3950
AL391497.1	547.0	547.0	547
RN7SKP272	232.0	232.0	232
GEMIN8P4	729.0	729.0	729
ZNF326	5664.0	5694.5	9729
AL161797.1	719.0	719.0	719
AC098656.1	968.0	968.0	968
RNU6-695P	104.0	104.0	104
AL627316.1	1866.3333333333333	2123.0	2674
LINC02787	231.0	231.0	231
SNORD3G	215.0	215.0	215
BARHL2	2044.0	2044.0	2044
AC092805.1	2501.0	2571.0	2626
LINC02609	1722.76	1358.0	5238
LINC02788	849.0	849.0	944
LINC01763	1111.0	1111.0	1547
AC091614.1	879.0	879.0	879
PHKA1P1	621.0	621.0	621
ZNF644	1773.25	835.5	5702
RPL5P6	886.0	886.0	886
HFM1	1711.5555555555557	1699.0	4899
BX323048.1	100.0	100.0	100
FEN1P1	1145.0	1145.0	1145
CDC7	1710.4	729.0	3313
WDR82P2	928.0	928.0	928
AL714022.1	151.0	151.0	151
HSP90B3P	1567.0	1567.0	1567
TGFBR3	2830.3636363636365	2908.0	6455
RN7SL653P	293.0	293.0	293
BRDT	1343.7142857142858	591.0	3696
EPHX4	1219.0	1219.0	1436
LPCAT2BP	1534.0	1534.0	1534
SETSIP	894.0	894.0	909
BTBD8	3523.714285714286	4272.0	6041
GAPDHP46	994.0	994.0	994
PRKAR1AP1	1162.0	1162.0	1162
AC104836.1	1293.0	1293.0	1293
AL663109.1	844.0	844.0	844
C1orf146	863.0	863.0	871
ACTBP12	418.0	418.0	418
GLMN	1134.1666666666667	830.0	2006
RPAP2	6230.666666666667	1038.0	16899
RN7SL824P	297.0	297.0	297
GFI1	2652.5	2774.0	4554
EVI5	2298.0	616.5	7436
AL354890.1	346.0	346.0	346
HMGB3P9	583.0	583.0	583
RNU4-59P	116.0	116.0	116
AC104332.1	797.0	797.0	797
H3P3	156.0	156.0	156
CCNJP2	1163.0	1163.0	1163
RPL5	738.7272727272727	694.0	1210
DIPK1A	2188.2	2468.0	2646
SNORD21	95.0	95.0	95
SNORA66	133.0	133.0	133
AL162740.1	124.0	124.0	124
AL449283.1	2003.5	2003.5	3403
RNU6-970P	107.0	107.0	107
RN7SL692P	288.0	288.0	288
AC093577.2	2446.0	2446.0	2446
RNU6-210P	95.0	95.0	95
RN7SKP123	291.0	291.0	291
AC093577.1	97.0	97.0	97
MTF2	1786.7857142857142	1209.5	4075
TMED5	3128.2	3847.0	5789
CCDC18	2098.2	1219.0	4867
AC126124.2	321.0	321.0	321
AC126124.1	185.0	185.0	185
CCDC18-AS1	1069.40625	646.5	3014
AL139421.1	169.0	169.0	169
DR1	4338.333333333333	1647.0	10124
AL137159.2	512.0	512.0	512
AL137159.1	107.0	107.0	107
FNBP1L	2907.6666666666665	2859.5	5341
RNA5SP53	120.0	120.0	120
BCAR3	1738.8333333333333	1607.0	3229
BCAR3-AS1	550.2	639.0	722
MIR760	80.0	80.0	80
AL049796.1	1766.0	1766.0	1766
DNTTIP2	1951.4285714285713	811.0	5896
GCLM	2274.75	1816.5	4883
CHCHD2P5	400.0	400.0	400
MTND4P11	1058.0	1058.0	1058
MTND3P21	331.0	331.0	331
MTCO3P21	643.0	643.0	643
MTATP6P13	667.0	667.0	667
AL117351.2	157.0	157.0	157
MTCO2P21	677.0	677.0	677
MTCO1P21	589.0	589.0	589
AL117351.1	766.0	766.0	766
ABCA4	2149.5	869.0	7328
AC093579.1	352.0	352.0	352
ARHGAP29	4944.2	3439.0	8952
RN7SL440P	343.0	343.0	343
ARHGAP29-AS1	963.4545454545455	887.0	1603
GAPDHP29	985.0	985.0	985
AC097059.1	592.0	592.0	592
AC118469.1	488.0	488.0	488
AC118469.2	486.0	486.0	486
ABCD3	2407.285714285714	3174.0	4367
F3	1460.5	1536.0	2298
AC093117.1	2171.0	2171.0	2171
SLC44A3-AS1	1635.157894736842	1241.0	5956
KATNBL1P2	835.0	835.0	835
MIR378G	41.0	41.0	41
SLC44A3	1709.0	1994.0	2381
CNN3	1215.7142857142858	792.0	1991
AC105942.1	1308.3333333333333	1418.0	1662
ALG14	3326.6666666666665	446.0	9375
ALG14-AS1	1096.0	1096.0	1096
TLCD4	2188.75	800.5	6805
TLCD4-RWDD3	1085.5	1085.5	1491
AC092802.4	420.0	420.0	420
AC092802.1	99.0	99.0	99
AC092802.2	2320.0	2447.0	3991
RWDD3	925.4285714285714	1068.0	1294
AC092802.3	370.8333333333333	363.0	526
AC092802.5	2726.0	2726.0	2726
LINC01760	382.0	382.0	382
LINC01650	926.3333333333334	1024.0	1153
AL445218.1	824.0	824.0	845
LINC01761	2755.0	2755.0	2755
LINC02607	1453.8333333333333	1238.5	4396
AL683887.1	287.0	287.0	287
LINC02790	832.6538461538462	830.5	1220
RNU1-130P	160.0	160.0	160
LINC01787	1994.0	1994.0	1994
AC092393.1	742.0	742.0	742
UBE2WP1	340.0	340.0	340
EEF1A1P11	1389.0	1389.0	1389
RN7SL831P	319.0	319.0	319
NDUFS5P2	306.0	306.0	306
RPL7P9	747.0	747.0	747
RN7SKP270	312.0	312.0	312
PTBP2	2610.181818181818	1691.0	12014
DPYD	1717.6	1036.0	4423
DPYD-AS1	514.3333333333334	533.0	724
DPYD-IT1	401.0	401.0	401
SEC63P1	1258.0	1258.0	1258
RPL26P9	433.0	433.0	433
AC114878.1	358.0	358.0	358
DPYD-AS2	782.0	782.0	788
AC114878.2	1251.0	1251.0	1251
MIR137HG	2273.25	2082.5	4523
BX005019.1	1810.0	1810.0	1810
MIR2682	110.0	110.0	110
MIR137	102.0	102.0	102
AC104453.1	1784.0	1784.0	1784
NFU1P2	469.0	469.0	469
LINC01776	2229.0	2229.0	2229
AC095031.1	672.0	672.0	672
SNX7	1127.4	1562.0	1736
PLPPR5	3214.0	4061.0	4267
AL445433.2	1574.0	1129.0	2544
AL445433.1	257.0	257.0	257
PLPPR4	4906.666666666667	4846.0	5369
AL365220.1	399.0	399.0	399
LINC01708	637.3333333333334	611.0	859
PALMD	2731.6	2244.0	5294
HMGB3P10	572.0	572.0	572
FRRS1	1388.4	1304.0	2678
RNU4-75P	146.0	146.0	146
AL451051.1	92.0	92.0	92
AC096949.1	152.0	152.0	152
AGL	6346.5	7136.0	7446
AC118553.1	655.0	655.0	655
SLC35A3	2839.0833333333335	2180.0	14321
AC118553.2	3098.25	2815.0	5352
RNU6-750P	107.0	107.0	107
RNU6-1318P	103.0	103.0	103
MFSD14A	1623.0	1623.0	2779
AC093019.2	384.0	384.0	384
SASS6	3910.0	3910.0	3972
AC093019.1	252.0	252.0	252
TRMT13	1297.0	711.0	3130
LRRC39	1673.5	1673.5	1951
DBT	6160.0	6160.0	10799
RPL23AP90	236.0	236.0	236
BRI3P1	378.0	378.0	378
AL445928.2	3788.0	3788.0	3788
AL445928.1	222.0	222.0	222
RTCA-AS1	3377.6666666666665	2931.0	7681
RTCA	1204.2	731.0	2535
MIR553	68.0	68.0	68
AC104457.1	814.0	814.0	814
AC104457.2	467.0	467.0	467
CDC14A	1853.5714285714287	1953.5	4231
BCAS2P2	674.0	674.0	674
AL589990.1	592.0	592.0	592
GPR88	3492.0	3492.0	3492
AC099670.1	783.0	783.0	783
LINC01349	497.0	497.0	497
AC099670.3	1414.0	1414.0	1414
AC099670.2	321.0	321.0	321
VCAM1	2953.5	2898.5	3865
EXTL2	1650.857142857143	902.0	3146
AC104506.1	429.0	429.0	429
SLC30A7	5575.0	7898.0	8204
HNRNPA1P68	979.0	979.0	979
DPH5	1076.6666666666667	969.0	2159
AC093157.2	671.0	671.0	671
AC093157.1	1683.15	1283.0	4282
AC093157.3	187.0	187.0	187
AC119501.1	475.0	475.0	475
AL109741.1	403.0	403.0	403
S1PR1	2250.1666666666665	2607.0	2778
AL109741.2	343.0	343.0	343
PPIAP7	489.0	489.0	489
LINC01307	501.6666666666667	474.0	771
LINC01709	1075.857142857143	1138.0	1726
RNU6-965P	96.0	96.0	96
RPSAP19	880.0	880.0	880
OLFM3	2490.5	2863.5	3255
RNU6-352P	107.0	107.0	107
AL356280.1	379.0	379.0	379
DNAJA1P5	943.0	943.0	943
AC114485.1	896.5	896.5	1136
AC099567.1	931.0	931.0	931
COL11A1	3461.6428571428573	2824.0	7327
SOD2P1	562.0	562.0	562
AC095032.2	418.0	418.0	418
AC095032.1	2109.25	2029.5	2647
RN7SKP285	318.0	318.0	318
RNPC3	1569.5555555555557	768.0	3658
AMY2B	1772.125	1302.5	4716
ACTG1P4	1122.0	1122.0	1122
AMY2A	1163.5	1130.0	1862
AMY1A	965.0	747.0	1790
AC105272.1	198.0	198.0	198
AMY1B	1232.4	1363.0	1862
AMYP1	1023.0	1023.0	1023
AMY1C	1632.0	1632.0	1632
AL136455.1	1240.0	1240.0	1240
AC092506.1	1125.8	1066.0	2275
FTLP17	525.0	525.0	525
AL591888.1	619.0	619.0	619
CDK4P1	828.0	828.0	828
LINC01676	775.8636363636364	682.0	1888
SEPTIN2P1	180.0	180.0	180
AL512844.2	593.0	593.0	593
AL512844.1	1779.0	1779.0	1779
LINC01677	1195.0	1182.0	2362
AL355306.2	1211.5833333333333	1138.0	2281
AL355306.1	579.0	579.0	579
AL499605.1	403.0	403.0	403
AL596327.1	213.0	213.0	213
MTATP6P14	673.0	673.0	673
MTCO1P14	1559.0	1559.0	1559
LINC01661	1326.0	1354.0	1487
PRMT6	2081.3333333333335	2621.0	2715
NTNG1	2573.3636363636365	3048.0	4703
AC114491.1	246.0	246.0	246
VAV3	1654.6666666666667	1293.0	5025
MIR7852	82.0	82.0	82
VAV3-AS1	619.0	619.0	619
LINC02785	1161.8333333333333	824.0	2439
SLC25A24	3372.6	3404.0	4249
AL359258.2	1566.0	1566.0	1566
AL359258.3	2331.0	2331.0	2331
NBPF4	2353.5	2353.5	2485
AL359258.1	2481.0	2481.0	2481
SLC25A24P1	1394.5	1394.5	1569
NBPF5P	1319.0	1319.0	1606
SLC25A24P2	510.0	510.0	510
AL390038.1	2481.0	2481.0	2481
NBPF6	2204.3333333333335	2222.0	2494
AL392088.2	285.0	285.0	285
ST13P21	1098.0	1098.0	1098
AL392088.1	670.0	670.0	670
FAM102B	5167.333333333333	5584.0	8333
HENMT1	1370.857142857143	1662.0	1874
AL160171.1	946.0	946.0	946
PRPF38B	2709.0	2043.0	4831
FNDC7	2378.5	2378.5	3090
AL591719.2	386.0	386.0	386
STXBP3	1130.142857142857	752.0	2536
AL591719.1	744.0	744.0	744
AKNAD1	1865.4	2478.0	3050
SPATA42	482.6666666666667	472.0	535
GPSM2	2293.3333333333335	851.5	7433
CLCC1	2372.6666666666665	2078.0	4803
WDR47	2558.1111111111113	4115.0	4240
BX679664.2	283.0	283.0	283
BX679664.3	555.0	555.0	555
BX679664.1	253.0	253.0	253
RANP5	655.0	655.0	655
TAF13	945.0	945.0	1076
AL356488.3	2888.0	2888.0	2888
TMEM167B	1859.5	1866.5	2808
SCARNA2	420.0	420.0	420
AL356488.2	427.0	427.0	427
AL356488.1	609.0	609.0	609
C1orf194	631.1666666666666	598.5	956
KIAA1324	2182.1428571428573	1115.0	6880
SARS1	1287.8333333333333	1216.5	1914
CELSR2	4553.75	3319.0	11015
PSRC1	1333.0833333333333	1647.0	1870
MYBPHL	888.0	871.0	1342
SORT1	1832.4	572.0	6993
PSMA5	1498.1666666666667	1503.5	3815
SYPL2	2117.5	2117.5	3703
ATXN7L2	2180.8333333333335	2016.5	4375
CYB561D1	2401.8888888888887	1271.0	5077
AMIGO1	3679.5	3679.5	5130
GPR61	2397.714285714286	2557.0	4921
AL355310.3	582.0	582.0	582
GNAI3	9044.0	9044.0	9044
RNU6V	107.0	107.0	107
AL355310.1	596.0	596.0	596
MIR197	75.0	75.0	75
GNAT2	922.5	922.5	1379
AMPD2	1779.3939393939395	865.0	4107
AL355310.2	688.0	688.0	688
RPL7P8	730.0	730.0	730
GSTM4	1133.5384615384614	848.0	3990
GSTM2	1213.1333333333334	982.0	4321
GSTM1	826.375	861.5	1164
AC000032.1	491.0	491.0	491
GSTM5	1677.875	776.5	4370
AL158847.1	808.0	808.0	808
GSTM3	1914.8333333333333	950.5	4122
EPS8L3	1097.6	561.5	2325
NDUFA5P10	357.0	357.0	357
LINC01768	476.0	476.0	476
AL450468.1	450.0	450.0	450
AL450468.2	1889.0	1889.0	1889
CSF1	1359.111111111111	1009.0	3994
AHCYL1	2143.5	1649.0	4313
STRIP1	1975.3333333333333	810.0	4870
AL160006.1	4216.0	4216.0	4216
ALX3	1533.5	1533.5	1955
LINC01397	579.0	579.0	579
UBL4B	1505.0	1505.0	1505
SLC6A17	3480.0	3480.0	6419
AL355990.1	712.0	797.0	1155
AL355990.2	508.0	508.0	508
LINC02586	748.0	748.0	748
KCNC4	4863.125	2985.5	18750
AL137790.2	177.0	177.0	177
AL137790.1	124.0	124.0	124
RBM15-AS1	2611.0	2611.0	2611
RBM15	3482.0	3312.0	4248
LAMTOR5-AS1	860.811320754717	748.0	2726
SLC16A4	1885.4	2022.0	2567
AL355488.1	2850.0	2850.0	2850
LAMTOR5	893.5	770.0	1830
PROK1	1393.0	1393.0	1393
AL358215.1	482.0	482.0	482
AL358215.2	688.5	688.5	946
AL358215.3	1186.0	1186.0	1186
CYMP	781.6666666666666	640.0	1263
CYMP-AS1	2351.0	2351.0	2351
KCNA10	1959.0	1959.0	1959
KCNA2	4435.066666666667	2496.0	11877
AL365361.1	3481.0	3481.0	3481
KCNA3	2476.0	2476.0	2476
AL354713.1	99.0	99.0	99
NRBF2P3	865.0	865.0	865
OR11I1P	954.0	954.0	954
CD53	970.0	836.5	1569
AL360270.2	5985.0	5985.0	5985
AL360270.1	2359.0	2359.0	2359
LRIF1	2340.3333333333335	1912.0	3313
AL360270.3	1348.0	1348.0	1348
CCNT2P1	1315.0	1315.0	1315
RNA5SP54	92.0	92.0	92
DRAM2	994.6363636363636	767.0	2246
CEPT1	1897.3636363636363	1966.0	5300
AL355816.1	118.0	118.0	118
AL355816.2	647.0	647.0	647
DENND2D	1545.375	898.5	3239
CHI3L2	924.0588235294117	757.0	2169
CHIAP1	995.0	995.0	995
CHIAP2	1482.25	1215.5	2829
CHIA	1636.1	1337.0	4250
AL356387.1	476.0	476.0	476
AL356387.2	243.0	243.0	243
PIFO	1873.0	1519.5	3774
CHIAP3	1133.0	1133.0	1133
HIGD1AP12	281.0	281.0	281
PGBP	983.0	983.0	1358
OVGP1	1106.0	640.0	2196
AL390195.3	2023.0	2023.0	2023
UBE2FP3	524.0	524.0	524
AL390195.2	569.0	569.0	723
WDR77	1173.0	799.5	2456
AL390195.1	111.0	111.0	111
ATP5PB	1090.3333333333333	787.5	2628
C1orf162	1443.3333333333333	1107.0	2308
TMIGD3	956.3333333333334	851.5	1662
RNU6-792P	107.0	107.0	107
ADORA3	1163.0	1067.0	1757
RAP1A	2089.75	1334.5	5024
LINC01160	789.3333333333334	768.0	894
KRT18P57	1254.0	1254.0	1254
RNU6-151P	107.0	107.0	107
INKA2	1929.6	1217.0	5951
INKA2-AS1	1804.0	2240.0	2393
AL049557.1	1669.6666666666667	1763.0	2785
DDX20	2066.0	1499.0	4332
KCND3	4257.0	2716.0	7396
KCND3-IT1	376.0	376.0	376
KCND3-AS1	478.6666666666667	470.0	583
LINC01750	1584.0	975.0	3068
AL445426.1	1766.6	732.0	5603
TXNP3	301.0	301.0	301
AL591521.1	104.0	104.0	104
CTTNBP2NL	2245.75	1236.5	5864
MIR4256	64.0	64.0	64
WNT2B	6362.25	6849.0	11130
AL354760.1	643.0	643.0	643
ST7L	1523.357142857143	861.0	4483
CAPZA1	942.8333333333334	752.0	2358
MRPL53P1	319.0	319.0	319
RNU7-70P	66.0	66.0	66
MOV10	1797.5882352941176	720.0	4689
AL603832.1	449.0	449.0	449
RHOC	909.5263157894736	888.0	2199
AL603832.3	767.2	792.0	813
PPM1J	1536.2	1496.0	2474
AL603832.2	2125.0	2125.0	2125
TAFA3	1169.0	1169.0	1282
NUTF2P4	381.0	381.0	381
LINC01356	1188.0	1222.0	1819
LINC01357	608.6666666666666	587.0	749
AL390729.1	156.0	156.0	156
SLC16A1	1904.4285714285713	1099.0	4374
AKR7A2P1	915.0	915.0	915
SLC16A1-AS1	1680.2307692307693	1120.0	8803
AL390242.1	1389.0	1389.0	1389
LRIG2-DT	2467.0	2467.0	2467
LRIG2	4187.4	3366.0	11566
RLIMP2	1563.0	1563.0	1563
AL357055.1	410.0	410.0	410
AL357055.2	434.0	434.0	434
MAGI3	3779.3333333333335	3753.5	6874
AL391058.1	1029.0	1029.0	1029
MTND5P20	143.0	143.0	143
PHTF1	2096.25	1905.0	4314
AL133517.1	748.0	748.0	748
RSBN1	3767.3333333333335	3237.5	6621
AL137856.1	538.75	589.5	802
PTPN22	2143.3636363636365	2258.0	3607
AP4B1-AS1	1734.0	1734.0	1734
BCL2L15	2330.714285714286	483.0	5835
AP4B1	1428.2857142857142	1012.5	3173
DCLRE1B	2723.5	2589.5	3755
HIPK1-AS1	1320.3333333333333	1327.5	2117
HIPK1	4757.363636363636	3966.0	8201
OLFML3	1640.2	1934.0	2063
AL591742.1	565.0	565.0	565
AL591742.2	2119.0	2119.0	2119
SYT6	2746.2	3108.5	4487
AL121999.1	332.0	332.0	332
MRPL57P1	265.0	265.0	265
AL035410.2	864.0	864.0	864
TRIM33	2814.0	2083.5	8369
AL035410.1	427.0	427.0	427
EIF2S2P5	968.0	968.0	968
AL390241.1	109.0	109.0	109
PKMP1	1523.0	1523.0	1523
BCAS2	1083.0	1083.0	1275
DENND2C	3747.5	3860.0	6177
AMPD1	1576.5714285714287	1693.0	2392
RN7SL432P	298.0	298.0	298
NRAS	4326.0	4326.0	4326
CSDE1	1989.1666666666667	807.0	4312
RNY1P13	105.0	105.0	105
SIKE1	1116.5	462.0	5506
NR1H5P	1377.0	1377.0	1377
SYCP1	1893.2	1677.0	3462
TSHB	528.0	528.0	528
TSPAN2	1286.0	732.0	3216
LINC01765	491.0	491.0	491
AL049825.1	1354.0	1354.0	1354
NGF-AS1	2610.0	2610.0	2610
NGF	1061.0	1061.0	1061
AL512638.3	386.0	386.0	386
AL512638.1	794.0	794.0	794
AL512638.2	298.0	298.0	298
ELOCP20	345.0	345.0	345
CNOT7P2	832.0	832.0	832
AL592436.2	558.0	558.0	558
RN7SL420P	298.0	298.0	298
AL592436.1	134.0	134.0	134
VANGL1	3744.8333333333335	2163.5	8671
CASQ2	1447.0	1447.0	2674
NHLH2	3531.0	2512.0	7226
HNRNPA1P43	910.0	910.0	910
LINC01649	1677.4285714285713	1732.0	1840
AL357137.1	203.0	203.0	203
SLC22A15	2141.6666666666665	1230.0	4705
AL365318.1	705.0	705.0	705
MAB21L3	1915.0	1915.0	3229
LINC01779	914.0	914.0	914
AL355538.1	216.0	216.0	216
AL355538.2	1427.0	1427.0	1427
ATP1A1	1540.1818181818182	666.0	3763
ATP1A1-AS1	1936.25	1936.5	3099
RNU6-817P	104.0	104.0	104
LINC01762	575.5714285714286	583.0	768
AL136376.1	515.0	515.0	515
AL390066.1	92.0	92.0	92
AL390066.2	2302.0	2302.0	2302
AL390066.3	745.0	745.0	745
CD58	915.0	892.0	1328
NAP1L4P1	1157.0	1157.0	1157
MIR548AC	88.0	88.0	88
IGSF3	4672.5	5548.0	7326
MIR320B1	79.0	79.0	79
C1orf137	386.0	386.0	386
GAPDHP64	1003.0	1003.0	1003
NEFHP1	2629.0	2629.0	2629
CD2	1021.5	1021.5	1565
FTH1P22	520.0	520.0	520
AL157904.1	383.0	383.0	383
PTGFRN	2441.3333333333335	553.0	6314
RNA5SP55	125.0	125.0	125
CD101	1926.0	1985.5	3324
AL445231.1	1218.0	1218.0	1814
TTF2	2021.4285714285713	803.0	9439
MIR942	86.0	86.0	86
TRIM45	2246.4	2415.0	3536
RPS15AP9	381.0	381.0	381
VTCN1	1727.4285714285713	2289.0	2719
AL365264.1	297.0	297.0	297
LINC01525	582.0	568.0	754
AL358072.1	575.0	575.0	575
MAN1A2	2509.4	724.0	8576
AL157902.2	1492.0	1492.0	1492
VPS25P1	508.0	508.0	508
AL157902.1	527.3333333333334	442.0	763
TENT5C	5654.0	5654.0	5654
VDAC2P3	828.0	828.0	828
AL390877.1	122.0	122.0	122
AL390877.2	214.0	214.0	214
PNRC2P1	420.0	420.0	420
GDAP2	2510.8333333333335	1064.5	8819
WDR3	3112.75	883.5	10004
SPAG17	1286.076923076923	574.0	7203
AL391557.1	1348.0	1348.0	1348
RNA5SP56	118.0	118.0	118
PSMC1P12	1314.0	1314.0	1314
AL139148.1	680.0	680.0	680
TBX15	3404.0	3492.0	4042
AL139420.1	653.0	653.0	653
AL139420.2	410.0	410.0	410
WARS2	1567.8	895.0	2811
WARS2-IT1	2060.0	2060.0	2060
RBMX2P3	957.0	957.0	957
RPS3AP12	753.0	753.0	753
WARS2-AS1	1859.3333333333333	1436.0	5847
RPL6P2	783.0	783.0	783
AL359915.1	1051.0	879.5	1723
LINC01780	805.0	805.0	1219
RNU1-75P	129.0	129.0	129
HAO2	1210.2	1417.0	1696
HAO2-IT1	311.0	311.0	311
HSD3B2	998.1666666666666	737.5	1783
GAPDHP74	703.5	703.5	782
HSD3BP2	1118.0	1118.0	1118
GAPDHP23	993.0	993.0	993
HSD3BP1	1111.0	1111.0	1111
GAPDHP58	1006.0	1006.0	1006
HSD3B1	968.6	730.0	1669
GAPDHP32	998.0	998.0	998
HSD3BP3	994.0	994.0	994
GAPDHP27	1020.0	1020.0	1020
HSD3BP4	1120.0	1120.0	1120
GAPDHP33	1013.0	1013.0	1013
LINC00622	1570.0	1570.0	1570
HSD3BP5	1132.0	1132.0	1132
ZNF697	5579.0	5579.0	5579
PHGDH	1335.8529411764705	1033.5	3180
HMGCS2	1462.25	1391.0	2433
REG4	1420.0	1370.5	2327
NBPF7	1332.0	1332.0	1332
PFN1P9	433.0	433.0	433
NOTCH2P1	624.0	624.0	624
ADAM30	2983.0	2983.0	2983
NOTCH2	2492.4615384615386	1847.0	11425
AC245008.1	476.0	476.0	476
RNU6-465P	101.0	101.0	101
SEC22B	4578.5	4578.5	6927
AC244669.2	853.0	853.0	853
AC244669.3	250.0	250.0	250
AC244669.1	491.25	536.0	715
FP325311.1	162.0	162.0	162
NBPF8	5594.5	5594.5	5859
PFN1P2	1115.5	1115.5	1834
AC241952.2	3906.0	3404.0	6897
AC241952.1	145.0	145.0	145
AC247039.1	250.0	250.0	250
AC253572.1	1111.0	1111.0	1111
NBPF26	2929.0	2701.0	5270
AC253572.2	1312.0	1312.0	1312
RNVU1-19	167.0	167.0	167
PPIAL4A	660.0	660.0	660
AC241377.4	1071.5	1071.5	1088
LINC00623	823.3333333333334	783.5	1261
RNVU1-4	164.0	164.0	164
AC241377.5	905.5	905.5	941
AC241377.3	775.0	775.0	997
AC241377.1	146.0	146.0	146
AC241377.2	406.0	406.0	406
FCGR1B	1094.3	1048.0	1902
AC244453.3	459.0	459.0	459
AC244453.2	3543.0	3543.0	3543
H2BP1	566.5	566.5	752
AC244453.1	494.0	494.0	494
H3P4	416.0	416.0	416
RPL22P6	388.0	388.0	388
FAM72B	1157.2857142857142	748.0	2396
SRGAP2C	2026.4	542.0	7091
AC243994.1	109.0	109.0	109
SRGAP2-AS1	1456.0	1456.0	2504
LINC02798	3180.0	3678.5	4006
AL592494.1	494.0	494.0	544
MTIF2P1	1548.0	1548.0	1548
AL592494.2	464.0	464.0	464
EMBP1	2036.75	1660.5	4235
LINC01691	426.0	426.0	426
AC242852.1	96.0	96.0	96
AC242852.2	1807.0	1807.0	1807
AC239859.5	213.0	213.0	213
RNA5SP533	110.0	110.0	110
AC239859.3	675.0	675.0	675
AC239859.4	1232.0	1232.0	1232
NKAIN1P1	582.0	582.0	582
AC239859.2	318.0	318.0	318
LINC02799	408.0	408.0	408
AC239859.1	2594.0	2594.0	2594
NBPF17P	2119.0	2119.0	2119
PFN1P12	534.0	534.0	534
RNU1-114P	166.0	166.0	166
RNVU1-17	164.0	164.0	164
RNVU1-23	135.0	135.0	135
RNVU1-18	164.0	164.0	164
AC239800.2	2675.0	2675.0	2675
AC239800.1	869.0	869.0	869
FAM91A3P	2544.0	2544.0	2544
AC239800.3	296.0	296.0	296
LINC02591	5243.0	5243.0	5243
RNU1-143P	146.0	146.0	146
AC239798.1	1176.0	1176.0	1176
AC239798.2	408.0	408.0	408
FCGR1CP	1127.0	1127.0	1127
H2BP2	1401.5	842.5	3540
H3-2	1658.0	1901.0	2616
AC246680.1	494.0	494.0	494
RPL22P5	389.0	389.0	389
FAM72C	1977.5	1977.5	2297
SRGAP2D	1021.0	1021.0	1021
IGKV1OR1-1	347.0	347.0	347
AC244015.1	99.0	99.0	99
AC244015.2	1861.0	1861.0	1861
LINC02802	370.0	346.5	588
RNA5SP529	110.0	110.0	110
DRD5P2	2012.0	2012.0	2012
AC245595.1	1170.5	1170.5	1197
PPIAL4E	785.0	785.0	785
AC246785.4	287.0	287.0	287
RNVU1-15	165.0	165.0	165
AC246785.3	314.0	314.0	314
AC246785.2	513.0	513.0	513
NBPF15	2417.0	1996.0	4707
PFN1P6	399.0	399.0	399
AC246785.1	264.0	264.0	264
RNVU1-26	162.0	162.0	162
